{"v":"5.1.14","fr":30,"ip":0,"op":162,"w":900,"h":900,"nm":"Comp 1","ddd":0,"assets":[{"id":"comp_0","layers":[{"ddd":0,"ind":1,"ty":0,"nm":"Front Hair","parent":8,"refId":"comp_1","sr":1,"ks":{"o":{"a":0,"k":100,"ix":11},"r":{"a":0,"k":0,"ix":10},"p":{"a":1,"k":[{"i":{"x":0.16,"y":0.16},"o":{"x":0.167,"y":0.167},"n":"0p16_0p16_0p167_0p167","t":0,"s":[101.385,187.205,0],"e":[101.385,187.205,0],"to":[0,0,0],"ti":[0,0,0]},{"i":{"x":0.15,"y":1},"o":{"x":0.84,"y":0},"n":"0p15_1_0p84_0","t":6,"s":[101.385,187.205,0],"e":[98.385,187.205,0],"to":[-0.5,0,0],"ti":[0.5,0,0]},{"i":{"x":0.15,"y":0.15},"o":{"x":0.85,"y":0.85},"n":"0p15_0p15_0p85_0p85","t":20,"s":[98.385,187.205,0],"e":[98.385,187.205,0],"to":[0,0,0],"ti":[0,0,0]},{"i":{"x":0.833,"y":0.833},"o":{"x":0.85,"y":0},"n":"0p833_0p833_0p85_0","t":47,"s":[98.385,187.205,0],"e":[101.385,187.205,0],"to":[0.5,0,0],"ti":[-0.91666668653488,0,0]},{"i":{"x":0.15,"y":1},"o":{"x":0.167,"y":0.167},"n":"0p15_1_0p167_0p167","t":53,"s":[101.385,187.205,0],"e":[103.885,187.205,0],"to":[0.91666668653488,0,0],"ti":[-0.41666665673256,0,0]},{"i":{"x":0.15,"y":0.15},"o":{"x":0.85,"y":0.85},"n":"0p15_0p15_0p85_0p85","t":67,"s":[103.885,187.205,0],"e":[103.885,187.205,0],"to":[0,0,0],"ti":[0,0,0]},{"i":{"x":0.833,"y":0.833},"o":{"x":0.85,"y":0},"n":"0p833_0p833_0p85_0","t":94,"s":[103.885,187.205,0],"e":[101.385,187.205,0],"to":[-0.41666665673256,0,0],"ti":[0.41666665673256,0,0]},{"i":{"x":0.833,"y":0.833},"o":{"x":0.167,"y":0.167},"n":"0p833_0p833_0p167_0p167","t":100,"s":[101.385,187.205,0],"e":[101.385,187.205,0],"to":[0,0,0],"ti":[0,0,0]},{"t":114}],"ix":2},"a":{"a":0,"k":[128,239,0],"ix":1},"s":{"a":0,"k":[100,100,100],"ix":6}},"ao":0,"w":265,"h":166,"ip":0,"op":162,"st":0,"bm":0},{"ddd":0,"ind":2,"ty":4,"nm":"Mouth","parent":3,"sr":1,"ks":{"o":{"a":0,"k":100,"ix":11},"r":{"a":1,"k":[{"i":{"x":[0.15],"y":[1]},"o":{"x":[0.85],"y":[0]},"n":["0p15_1_0p85_0"],"t":124,"s":[0],"e":[5.203]},{"i":{"x":[0.15],"y":[1]},"o":{"x":[0.85],"y":[0]},"n":["0p15_1_0p85_0"],"t":136,"s":[5.203],"e":[0]},{"t":148}],"ix":10},"p":{"a":1,"k":[{"i":{"x":0.15,"y":1},"o":{"x":0.85,"y":0},"n":"0p15_1_0p85_0","t":124,"s":[19.267,100.511,0],"e":[19.267,98.636,0],"to":[0,-0.3125,0],"ti":[0,0,0]},{"i":{"x":0.15,"y":1},"o":{"x":0.85,"y":0},"n":"0p15_1_0p85_0","t":136,"s":[19.267,98.636,0],"e":[19.267,100.511,0],"to":[0,0,0],"ti":[0,-0.3125,0]},{"t":148}],"ix":2},"a":{"a":0,"k":[42.667,13.167,0],"ix":1},"s":{"a":0,"k":[100,100,100],"ix":6}},"ao":0,"shapes":[{"ty":"gr","it":[{"ind":0,"ty":"sh","ix":1,"ks":{"a":0,"k":{"i":[[0,0],[-34.167,0],[0,0]],"o":[[0,0],[34.166,0],[0,0]],"v":[[-35.166,-5.667],[1.001,5.667],[35.166,-5.667]],"c":false},"ix":2},"nm":"Path 1","mn":"ADBE Vector Shape - Group","hd":false},{"ty":"st","c":{"a":0,"k":[0.878,0.733,0.604,1],"ix":3},"o":{"a":0,"k":100,"ix":4},"w":{"a":0,"k":3,"ix":5},"lc":2,"lj":2,"nm":"Stroke 1","mn":"ADBE Vector Graphic - Stroke","hd":false},{"ty":"tr","p":{"a":0,"k":[42.666,13.167],"ix":2},"a":{"a":0,"k":[0,0],"ix":1},"s":{"a":0,"k":[100,100],"ix":3},"r":{"a":0,"k":0,"ix":6},"o":{"a":0,"k":100,"ix":7},"sk":{"a":0,"k":0,"ix":4},"sa":{"a":0,"k":0,"ix":5},"nm":"Transform"}],"nm":"Group 1","np":2,"cix":2,"ix":1,"mn":"ADBE Vector Group","hd":false}],"ip":0,"op":162,"st":0,"bm":0},{"ddd":0,"ind":3,"ty":4,"nm":"Nose","parent":8,"sr":1,"ks":{"o":{"a":0,"k":100,"ix":11},"r":{"a":1,"k":[{"i":{"x":[0.16],"y":[1]},"o":{"x":[0.167],"y":[0]},"n":["0p16_1_0p167_0"],"t":0,"s":[0],"e":[0]},{"i":{"x":[0.15],"y":[1]},"o":{"x":[0.84],"y":[0]},"n":["0p15_1_0p84_0"],"t":6,"s":[0],"e":[-4]},{"i":{"x":[0.15],"y":[1]},"o":{"x":[0.85],"y":[0]},"n":["0p15_1_0p85_0"],"t":20,"s":[-4],"e":[-4]},{"i":{"x":[0.833],"y":[0.833]},"o":{"x":[0.85],"y":[0]},"n":["0p833_0p833_0p85_0"],"t":47,"s":[-4],"e":[0]},{"i":{"x":[0.15],"y":[1]},"o":{"x":[0.167],"y":[0.167]},"n":["0p15_1_0p167_0p167"],"t":53,"s":[0],"e":[4]},{"i":{"x":[0.15],"y":[1]},"o":{"x":[0.167],"y":[0]},"n":["0p15_1_0p167_0"],"t":67,"s":[4],"e":[4]},{"i":{"x":[0.833],"y":[0.833]},"o":{"x":[0.167],"y":[0]},"n":["0p833_0p833_0p167_0"],"t":94,"s":[4],"e":[0]},{"i":{"x":[0.15],"y":[1]},"o":{"x":[0.167],"y":[0]},"n":["0p15_1_0p167_0"],"t":100,"s":[0],"e":[0]},{"t":114}],"ix":10},"p":{"a":1,"k":[{"i":{"x":0.16,"y":0.16},"o":{"x":0.167,"y":0.167},"n":"0p16_0p16_0p167_0p167","t":0,"s":[102.885,146.327,0],"e":[102.885,146.327,0],"to":[0,0,0],"ti":[0,0,0]},{"i":{"x":0.15,"y":1},"o":{"x":0.84,"y":0},"n":"0p15_1_0p84_0","t":6,"s":[102.885,146.327,0],"e":[110.885,139.327,0],"to":[1.33333337306976,-1.16666662693024,0],"ti":[-1.33333337306976,1.16666662693024,0]},{"i":{"x":0.15,"y":0.15},"o":{"x":0.85,"y":0.85},"n":"0p15_0p15_0p85_0p85","t":20,"s":[110.885,139.327,0],"e":[110.885,139.327,0],"to":[0,0,0],"ti":[0,0,0]},{"i":{"x":0.833,"y":0.833},"o":{"x":0.85,"y":0},"n":"0p833_0p833_0p85_0","t":47,"s":[110.885,139.327,0],"e":[102.885,146.327,0],"to":[-1.33333337306976,1.16666662693024,0],"ti":[2.58333325386047,0,0]},{"i":{"x":0.15,"y":1},"o":{"x":0.167,"y":0.167},"n":"0p15_1_0p167_0p167","t":53,"s":[102.885,146.327,0],"e":[95.385,139.327,0],"to":[-2.58333325386047,0,0],"ti":[1.25,1.16666662693024,0]},{"i":{"x":0.15,"y":0.15},"o":{"x":0.167,"y":0.167},"n":"0p15_0p15_0p167_0p167","t":67,"s":[95.385,139.327,0],"e":[95.385,139.327,0],"to":[0,0,0],"ti":[0,0,0]},{"i":{"x":0.833,"y":0.833},"o":{"x":0.167,"y":0},"n":"0p833_0p833_0p167_0","t":94,"s":[95.385,139.327,0],"e":[102.885,146.327,0],"to":[1.25,1.16666662693024,0],"ti":[-1.25,-1.16666662693024,0]},{"i":{"x":0.15,"y":0.15},"o":{"x":0.167,"y":0.167},"n":"0p15_0p15_0p167_0p167","t":100,"s":[102.885,146.327,0],"e":[102.885,146.327,0],"to":[0,0,0],"ti":[0,0,0]},{"t":114}],"ix":2},"a":{"a":0,"k":[20.266,37.538,0],"ix":1},"s":{"a":0,"k":[100,100,100],"ix":6}},"ao":0,"shapes":[{"ty":"gr","it":[{"ind":0,"ty":"sh","ix":1,"ks":{"a":0,"k":{"i":[[4.843,-4.933],[0,0],[0,0],[4.52,8.394],[4.842,4.946],[-2.583,11.623],[-7.426,0],[-2.583,-11.623]],"o":[[-4.843,4.946],[-4.52,8.394],[0,0],[0,0],[-4.843,-4.933],[2.583,-11.623],[7.425,0],[2.583,11.623]],"v":[[14.529,32.213],[7.425,28.895],[0.001,35.351],[-7.425,28.895],[-14.527,32.213],[-17.433,8.232],[0.001,-37.288],[17.434,8.232]],"c":true},"ix":2},"nm":"Path 1","mn":"ADBE Vector Shape - Group","hd":false},{"ty":"fl","c":{"a":0,"k":[0.878,0.733,0.604,1],"ix":4},"o":{"a":0,"k":100,"ix":5},"r":1,"nm":"Fill 1","mn":"ADBE Vector Graphic - Fill","hd":false},{"ty":"tr","p":{"a":0,"k":[20.266,37.539],"ix":2},"a":{"a":0,"k":[0,0],"ix":1},"s":{"a":0,"k":[100,100],"ix":3},"r":{"a":0,"k":0,"ix":6},"o":{"a":0,"k":100,"ix":7},"sk":{"a":0,"k":0,"ix":4},"sa":{"a":0,"k":0,"ix":5},"nm":"Transform"}],"nm":"Group 1","np":2,"cix":2,"ix":1,"mn":"ADBE Vector Group","hd":false}],"ip":0,"op":162,"st":0,"bm":0},{"ddd":0,"ind":4,"ty":4,"nm":"Eye","parent":3,"sr":1,"ks":{"o":{"a":0,"k":100,"ix":11},"r":{"a":0,"k":0,"ix":10},"p":{"a":0,"k":[-36.067,12.5,0],"ix":2},"a":{"a":0,"k":[6.333,6.333,0],"ix":1},"s":{"a":1,"k":[{"i":{"x":[0.16,0.16,0.16],"y":[1,1,1]},"o":{"x":[0.167,0.167,0.167],"y":[0.167,0.167,0]},"n":["0p16_1_0p167_0p167","0p16_1_0p167_0p167","0p16_1_0p167_0"],"t":0,"s":[100,100,100],"e":[205,18,100]},{"i":{"x":[0.15,0.15,0.15],"y":[1,1,1]},"o":{"x":[0.84,0.84,0.84],"y":[0,0,0]},"n":["0p15_1_0p84_0","0p15_1_0p84_0","0p15_1_0p84_0"],"t":6,"s":[205,18,100],"e":[100,100,100]},{"i":{"x":[0.15,0.15,0.15],"y":[1,1,1]},"o":{"x":[0.85,0.85,0.85],"y":[0,0,0]},"n":["0p15_1_0p85_0","0p15_1_0p85_0","0p15_1_0p85_0"],"t":20,"s":[100,100,100],"e":[100,100,100]},{"i":{"x":[0.833,0.833,0.833],"y":[0.833,0.833,1]},"o":{"x":[0.85,0.85,0.85],"y":[0,0,0]},"n":["0p833_0p833_0p85_0","0p833_0p833_0p85_0","0p833_1_0p85_0"],"t":30,"s":[100,100,100],"e":[205,18,100]},{"i":{"x":[0.15,0.15,0.15],"y":[1,1,1]},"o":{"x":[0.167,0.167,0.167],"y":[0.167,0.167,0]},"n":["0p15_1_0p167_0p167","0p15_1_0p167_0p167","0p15_1_0p167_0"],"t":36,"s":[205,18,100],"e":[100,100,100]},{"i":{"x":[0.833,0.833,0.833],"y":[1,1,1]},"o":{"x":[0.167,0.167,0.167],"y":[0,0,0]},"n":["0p833_1_0p167_0","0p833_1_0p167_0","0p833_1_0p167_0"],"t":42,"s":[100,100,100],"e":[100,100,100]},{"i":{"x":[0.833,0.833,0.833],"y":[0.833,0.833,0.833]},"o":{"x":[0.167,0.167,0.167],"y":[0.167,0.167,0.167]},"n":["0p833_0p833_0p167_0p167","0p833_0p833_0p167_0p167","0p833_0p833_0p167_0p167"],"t":47,"s":[100,100,100],"e":[205,18,100]},{"i":{"x":[0.15,0.15,0.15],"y":[1,1,1]},"o":{"x":[0.167,0.167,0.167],"y":[0.167,0.167,0]},"n":["0p15_1_0p167_0p167","0p15_1_0p167_0p167","0p15_1_0p167_0"],"t":53,"s":[205,18,100],"e":[100,100,100]},{"i":{"x":[0.15,0.15,0.15],"y":[1,1,1]},"o":{"x":[0.85,0.85,0.85],"y":[0,0,0]},"n":["0p15_1_0p85_0","0p15_1_0p85_0","0p15_1_0p85_0"],"t":67,"s":[100,100,100],"e":[100,100,100]},{"i":{"x":[0.833,0.833,0.833],"y":[0.833,0.833,1]},"o":{"x":[0.85,0.85,0.85],"y":[0,0,0]},"n":["0p833_0p833_0p85_0","0p833_0p833_0p85_0","0p833_1_0p85_0"],"t":77,"s":[100,100,100],"e":[205,18,100]},{"i":{"x":[0.15,0.15,0.15],"y":[1,1,1]},"o":{"x":[0.167,0.167,0.167],"y":[0.167,0.167,0]},"n":["0p15_1_0p167_0p167","0p15_1_0p167_0p167","0p15_1_0p167_0"],"t":83,"s":[205,18,100],"e":[100,100,100]},{"i":{"x":[0.15,0.15,0.15],"y":[1,1,1]},"o":{"x":[0.167,0.167,0.167],"y":[0,0,0]},"n":["0p15_1_0p167_0","0p15_1_0p167_0","0p15_1_0p167_0"],"t":89,"s":[100,100,100],"e":[100,100,100]},{"i":{"x":[0.833,0.833,0.833],"y":[0.833,0.833,1]},"o":{"x":[0.85,0.85,0.85],"y":[0,0,0]},"n":["0p833_0p833_0p85_0","0p833_0p833_0p85_0","0p833_1_0p85_0"],"t":94,"s":[100,100,100],"e":[205,18,100]},{"i":{"x":[0.15,0.15,0.15],"y":[1,1,1]},"o":{"x":[0.167,0.167,0.167],"y":[0.167,0.167,0]},"n":["0p15_1_0p167_0p167","0p15_1_0p167_0p167","0p15_1_0p167_0"],"t":100,"s":[205,18,100],"e":[100,100,100]},{"i":{"x":[0.15,0.15,0.15],"y":[1,1,1]},"o":{"x":[0.85,0.85,0.85],"y":[0,0,0]},"n":["0p15_1_0p85_0","0p15_1_0p85_0","0p15_1_0p85_0"],"t":114,"s":[100,100,100],"e":[100,100,100]},{"i":{"x":[0.833,0.833,0.833],"y":[0.833,0.833,1]},"o":{"x":[0.85,0.85,0.85],"y":[0,0,0]},"n":["0p833_0p833_0p85_0","0p833_0p833_0p85_0","0p833_1_0p85_0"],"t":130,"s":[100,100,100],"e":[205,18,100]},{"i":{"x":[0.15,0.15,0.15],"y":[1,1,1]},"o":{"x":[0.167,0.167,0.167],"y":[0.167,0.167,0]},"n":["0p15_1_0p167_0p167","0p15_1_0p167_0p167","0p15_1_0p167_0"],"t":136,"s":[205,18,100],"e":[100,100,100]},{"t":148}],"ix":6}},"ao":0,"shapes":[{"ty":"gr","it":[{"ind":0,"ty":"sh","ix":1,"ks":{"a":0,"k":{"i":[[0,-3.36],[3.359,0],[0,3.359],[-3.36,0]],"o":[[0,3.359],[-3.36,0],[0,-3.36],[3.359,0]],"v":[[6.084,0],[0.001,6.083],[-6.084,0],[0.001,-6.083]],"c":true},"ix":2},"nm":"Path 1","mn":"ADBE Vector Shape - Group","hd":false},{"ty":"fl","c":{"a":0,"k":[0.176000004189,0.204000001795,0.270999983245,1],"ix":4},"o":{"a":0,"k":100,"ix":5},"r":1,"nm":"Fill 1","mn":"ADBE Vector Graphic - Fill","hd":false},{"ty":"tr","p":{"a":0,"k":[6.333,6.333],"ix":2},"a":{"a":0,"k":[0,0],"ix":1},"s":{"a":0,"k":[100,100],"ix":3},"r":{"a":0,"k":0,"ix":6},"o":{"a":0,"k":100,"ix":7},"sk":{"a":0,"k":0,"ix":4},"sa":{"a":0,"k":0,"ix":5},"nm":"Transform"}],"nm":"Group 1","np":2,"cix":2,"ix":1,"mn":"ADBE Vector Group","hd":false}],"ip":0,"op":162,"st":0,"bm":0},{"ddd":0,"ind":5,"ty":4,"nm":"Eye","parent":3,"sr":1,"ks":{"o":{"a":0,"k":100,"ix":11},"r":{"a":0,"k":0,"ix":10},"p":{"a":0,"k":[75.767,12.5,0],"ix":2},"a":{"a":0,"k":[6.333,6.333,0],"ix":1},"s":{"a":1,"k":[{"i":{"x":[0.16,0.16,0.16],"y":[1,1,1]},"o":{"x":[0.167,0.167,0.167],"y":[0.167,0.167,0]},"n":["0p16_1_0p167_0p167","0p16_1_0p167_0p167","0p16_1_0p167_0"],"t":0,"s":[100,100,100],"e":[205,18,100]},{"i":{"x":[0.15,0.15,0.15],"y":[1,1,1]},"o":{"x":[0.84,0.84,0.84],"y":[0,0,0]},"n":["0p15_1_0p84_0","0p15_1_0p84_0","0p15_1_0p84_0"],"t":6,"s":[205,18,100],"e":[100,100,100]},{"i":{"x":[0.15,0.15,0.15],"y":[1,1,1]},"o":{"x":[0.85,0.85,0.85],"y":[0,0,0]},"n":["0p15_1_0p85_0","0p15_1_0p85_0","0p15_1_0p85_0"],"t":20,"s":[100,100,100],"e":[100,100,100]},{"i":{"x":[0.833,0.833,0.833],"y":[0.833,0.833,1]},"o":{"x":[0.85,0.85,0.85],"y":[0,0,0]},"n":["0p833_0p833_0p85_0","0p833_0p833_0p85_0","0p833_1_0p85_0"],"t":30,"s":[100,100,100],"e":[205,18,100]},{"i":{"x":[0.15,0.15,0.15],"y":[1,1,1]},"o":{"x":[0.167,0.167,0.167],"y":[0.167,0.167,0]},"n":["0p15_1_0p167_0p167","0p15_1_0p167_0p167","0p15_1_0p167_0"],"t":36,"s":[205,18,100],"e":[100,100,100]},{"i":{"x":[0.833,0.833,0.833],"y":[1,1,1]},"o":{"x":[0.167,0.167,0.167],"y":[0,0,0]},"n":["0p833_1_0p167_0","0p833_1_0p167_0","0p833_1_0p167_0"],"t":42,"s":[100,100,100],"e":[100,100,100]},{"i":{"x":[0.833,0.833,0.833],"y":[0.833,0.833,0.833]},"o":{"x":[0.167,0.167,0.167],"y":[0.167,0.167,0.167]},"n":["0p833_0p833_0p167_0p167","0p833_0p833_0p167_0p167","0p833_0p833_0p167_0p167"],"t":47,"s":[100,100,100],"e":[205,18,100]},{"i":{"x":[0.15,0.15,0.15],"y":[1,1,1]},"o":{"x":[0.167,0.167,0.167],"y":[0.167,0.167,0]},"n":["0p15_1_0p167_0p167","0p15_1_0p167_0p167","0p15_1_0p167_0"],"t":53,"s":[205,18,100],"e":[100,100,100]},{"i":{"x":[0.15,0.15,0.15],"y":[1,1,1]},"o":{"x":[0.85,0.85,0.85],"y":[0,0,0]},"n":["0p15_1_0p85_0","0p15_1_0p85_0","0p15_1_0p85_0"],"t":67,"s":[100,100,100],"e":[100,100,100]},{"i":{"x":[0.833,0.833,0.833],"y":[0.833,0.833,1]},"o":{"x":[0.85,0.85,0.85],"y":[0,0,0]},"n":["0p833_0p833_0p85_0","0p833_0p833_0p85_0","0p833_1_0p85_0"],"t":77,"s":[100,100,100],"e":[205,18,100]},{"i":{"x":[0.15,0.15,0.15],"y":[1,1,1]},"o":{"x":[0.167,0.167,0.167],"y":[0.167,0.167,0]},"n":["0p15_1_0p167_0p167","0p15_1_0p167_0p167","0p15_1_0p167_0"],"t":83,"s":[205,18,100],"e":[100,100,100]},{"i":{"x":[0.15,0.15,0.15],"y":[1,1,1]},"o":{"x":[0.167,0.167,0.167],"y":[0,0,0]},"n":["0p15_1_0p167_0","0p15_1_0p167_0","0p15_1_0p167_0"],"t":89,"s":[100,100,100],"e":[100,100,100]},{"i":{"x":[0.833,0.833,0.833],"y":[0.833,0.833,1]},"o":{"x":[0.85,0.85,0.85],"y":[0,0,0]},"n":["0p833_0p833_0p85_0","0p833_0p833_0p85_0","0p833_1_0p85_0"],"t":94,"s":[100,100,100],"e":[205,18,100]},{"i":{"x":[0.15,0.15,0.15],"y":[1,1,1]},"o":{"x":[0.167,0.167,0.167],"y":[0.167,0.167,0]},"n":["0p15_1_0p167_0p167","0p15_1_0p167_0p167","0p15_1_0p167_0"],"t":100,"s":[205,18,100],"e":[100,100,100]},{"t":114}],"ix":6}},"ao":0,"shapes":[{"ty":"gr","it":[{"ind":0,"ty":"sh","ix":1,"ks":{"a":0,"k":{"i":[[0,-3.36],[3.359,0],[0,3.359],[-3.359,0]],"o":[[0,3.359],[-3.359,0],[0,-3.36],[3.359,0]],"v":[[6.083,0],[0,6.083],[-6.083,0],[0,-6.083]],"c":true},"ix":2},"nm":"Path 1","mn":"ADBE Vector Shape - Group","hd":false},{"ty":"fl","c":{"a":0,"k":[0.176000004189,0.204000001795,0.270999983245,1],"ix":4},"o":{"a":0,"k":100,"ix":5},"r":1,"nm":"Fill 1","mn":"ADBE Vector Graphic - Fill","hd":false},{"ty":"tr","p":{"a":0,"k":[6.333,6.333],"ix":2},"a":{"a":0,"k":[0,0],"ix":1},"s":{"a":0,"k":[100,100],"ix":3},"r":{"a":0,"k":0,"ix":6},"o":{"a":0,"k":100,"ix":7},"sk":{"a":0,"k":0,"ix":4},"sa":{"a":0,"k":0,"ix":5},"nm":"Transform"}],"nm":"Group 1","np":2,"cix":2,"ix":1,"mn":"ADBE Vector Group","hd":false}],"ip":0,"op":162,"st":0,"bm":0},{"ddd":0,"ind":6,"ty":4,"nm":"Left Eye Brow","parent":3,"sr":1,"ks":{"o":{"a":0,"k":100,"ix":11},"r":{"a":1,"k":[{"i":{"x":[0.16],"y":[1]},"o":{"x":[0.167],"y":[0.167]},"n":["0p16_1_0p167_0p167"],"t":0,"s":[0],"e":[9.695]},{"i":{"x":[0.15],"y":[1]},"o":{"x":[0.84],"y":[0]},"n":["0p15_1_0p84_0"],"t":6,"s":[9.695],"e":[-8.041]},{"i":{"x":[0.15],"y":[1]},"o":{"x":[0.85],"y":[0]},"n":["0p15_1_0p85_0"],"t":20,"s":[-8.041],"e":[-8.041]},{"i":{"x":[0.833],"y":[1]},"o":{"x":[0.85],"y":[0]},"n":["0p833_1_0p85_0"],"t":30,"s":[-8.041],"e":[-1.024]},{"i":{"x":[0.15],"y":[1]},"o":{"x":[0.167],"y":[0]},"n":["0p15_1_0p167_0"],"t":36,"s":[-1.024],"e":[-8.041]},{"i":{"x":[0.833],"y":[0.833]},"o":{"x":[0.167],"y":[0]},"n":["0p833_0p833_0p167_0"],"t":42,"s":[-8.041],"e":[0]},{"i":{"x":[0.833],"y":[0.833]},"o":{"x":[0.167],"y":[0.167]},"n":["0p833_0p833_0p167_0p167"],"t":47,"s":[0],"e":[9.695]},{"i":{"x":[0.15],"y":[1]},"o":{"x":[0.167],"y":[0.167]},"n":["0p15_1_0p167_0p167"],"t":53,"s":[9.695],"e":[-8.041]},{"i":{"x":[0.15],"y":[1]},"o":{"x":[0.85],"y":[0]},"n":["0p15_1_0p85_0"],"t":67,"s":[-8.041],"e":[-8.041]},{"i":{"x":[0.833],"y":[1]},"o":{"x":[0.85],"y":[0]},"n":["0p833_1_0p85_0"],"t":77,"s":[-8.041],"e":[-1.024]},{"i":{"x":[0.15],"y":[1]},"o":{"x":[0.167],"y":[0]},"n":["0p15_1_0p167_0"],"t":83,"s":[-1.024],"e":[-8.041]},{"i":{"x":[0.15],"y":[1]},"o":{"x":[0.167],"y":[0]},"n":["0p15_1_0p167_0"],"t":89,"s":[-8.041],"e":[-8.041]},{"i":{"x":[0.833],"y":[0.833]},"o":{"x":[0.85],"y":[0]},"n":["0p833_0p833_0p85_0"],"t":94,"s":[-8.041],"e":[9.695]},{"i":{"x":[0.15],"y":[1]},"o":{"x":[0.167],"y":[0.167]},"n":["0p15_1_0p167_0p167"],"t":100,"s":[9.695],"e":[0]},{"i":{"x":[0.15],"y":[1]},"o":{"x":[0.85],"y":[0]},"n":["0p15_1_0p85_0"],"t":114,"s":[0],"e":[-8.258]},{"i":{"x":[0.833],"y":[1]},"o":{"x":[0.85],"y":[0]},"n":["0p833_1_0p85_0"],"t":124,"s":[-8.258],"e":[6.314]},{"i":{"x":[0.15],"y":[1]},"o":{"x":[0.167],"y":[0]},"n":["0p15_1_0p167_0"],"t":136,"s":[6.314],"e":[0]},{"t":148}],"ix":10},"p":{"a":1,"k":[{"i":{"x":0.16,"y":1},"o":{"x":0.167,"y":0.167},"n":"0p16_1_0p167_0p167","t":0,"s":[-34.733,-13.416,0],"e":[-34.733,-4.916,0],"to":[0,1.41666662693024,0],"ti":[0,-0.25,0]},{"i":{"x":0.15,"y":1},"o":{"x":0.84,"y":0},"n":"0p15_1_0p84_0","t":6,"s":[-34.733,-4.916,0],"e":[-34.733,-11.916,0],"to":[0,0.25,0],"ti":[0,1.16666662693024,0]},{"i":{"x":0.833,"y":0.833},"o":{"x":0.85,"y":0.85},"n":"0p833_0p833_0p85_0p85","t":20,"s":[-34.733,-11.916,0],"e":[-34.733,-11.916,0],"to":[0,0,0],"ti":[0,0,0]},{"i":{"x":0.833,"y":0.833},"o":{"x":0.167,"y":0.167},"n":"0p833_0p833_0p167_0p167","t":30,"s":[-34.733,-11.916,0],"e":[-34.746,-8.158,0],"to":[-0.00203262735158,0.62638407945633,0],"ti":[0,0,0]},{"i":{"x":0.833,"y":0.833},"o":{"x":0.167,"y":0.167},"n":"0p833_0p833_0p167_0p167","t":36,"s":[-34.746,-8.158,0],"e":[-34.733,-11.916,0],"to":[0,0,0],"ti":[-0.00203262735158,0.87638407945633,0]},{"i":{"x":0.833,"y":0.833},"o":{"x":0.167,"y":0.167},"n":"0p833_0p833_0p167_0p167","t":42,"s":[-34.733,-11.916,0],"e":[-34.733,-13.416,0],"to":[0.00203262735158,-0.87638407945633,0],"ti":[0,-1.16666662693024,0]},{"i":{"x":0.833,"y":0.833},"o":{"x":0.167,"y":0.167},"n":"0p833_0p833_0p167_0p167","t":47,"s":[-34.733,-13.416,0],"e":[-34.733,-4.916,0],"to":[0,1.16666662693024,0],"ti":[0,-0.25,0]},{"i":{"x":0.15,"y":1},"o":{"x":0.167,"y":0.167},"n":"0p15_1_0p167_0p167","t":53,"s":[-34.733,-4.916,0],"e":[-34.733,-11.916,0],"to":[0,0.25,0],"ti":[0,1.16666662693024,0]},{"i":{"x":0.833,"y":0.833},"o":{"x":0.85,"y":0.85},"n":"0p833_0p833_0p85_0p85","t":67,"s":[-34.733,-11.916,0],"e":[-34.733,-11.916,0],"to":[0,0,0],"ti":[0,0,0]},{"i":{"x":0.833,"y":0.833},"o":{"x":0.167,"y":0.167},"n":"0p833_0p833_0p167_0p167","t":77,"s":[-34.733,-11.916,0],"e":[-34.746,-8.158,0],"to":[-0.00203262735158,0.62638407945633,0],"ti":[0,0,0]},{"i":{"x":0.833,"y":0.833},"o":{"x":0.167,"y":0.167},"n":"0p833_0p833_0p167_0p167","t":83,"s":[-34.746,-8.158,0],"e":[-34.733,-11.916,0],"to":[0,0,0],"ti":[-0.00203262735158,0.62638407945633,0]},{"i":{"x":0.833,"y":0.833},"o":{"x":0.167,"y":0.167},"n":"0p833_0p833_0p167_0p167","t":89,"s":[-34.733,-11.916,0],"e":[-34.733,-11.916,0],"to":[0,0,0],"ti":[0,0,0]},{"i":{"x":0.833,"y":0.833},"o":{"x":0.167,"y":0.167},"n":"0p833_0p833_0p167_0p167","t":94,"s":[-34.733,-11.916,0],"e":[-34.733,-4.916,0],"to":[0,1.16666662693024,0],"ti":[0,0.25,0]},{"i":{"x":0.15,"y":1},"o":{"x":0.167,"y":0.167},"n":"0p15_1_0p167_0p167","t":100,"s":[-34.733,-4.916,0],"e":[-34.733,-13.416,0],"to":[0,-0.25,0],"ti":[0,3.25,0]},{"i":{"x":0.32,"y":1},"o":{"x":0.85,"y":0},"n":"0p32_1_0p85_0","t":114,"s":[-34.733,-13.416,0],"e":[-34.733,-24.416,0],"to":[0,-3.25,0],"ti":[0.00203262735158,-1.70971739292145,0]},{"i":{"x":0.833,"y":0.833},"o":{"x":0.167,"y":0.167},"n":"0p833_0p833_0p167_0p167","t":124,"s":[-34.733,-24.416,0],"e":[-34.746,-3.158,0],"to":[-0.00203262735158,1.70971739292145,0],"ti":[0,-1.83333337306976,0]},{"i":{"x":0.833,"y":0.833},"o":{"x":0.167,"y":0.167},"n":"0p833_0p833_0p167_0p167","t":136,"s":[-34.746,-3.158,0],"e":[-34.733,-13.416,0],"to":[0,1.83333337306976,0],"ti":[-0.00203262735158,1.70971739292145,0]},{"t":148}],"ix":2},"a":{"a":0,"k":[21.083,8.416,0],"ix":1},"s":{"a":0,"k":[100,100,100],"ix":6}},"ao":0,"shapes":[{"ty":"gr","it":[{"ind":0,"ty":"sh","ix":1,"ks":{"a":0,"k":{"i":[[4.492,0],[0,0],[0,4.492],[-4.492,0],[0,0],[0,-4.492]],"o":[[0,0],[-4.492,0],[0,-4.492],[0,0],[4.492,0],[0,4.492]],"v":[[12.667,8.166],[-12.667,8.166],[-20.833,-0.001],[-12.667,-8.166],[12.667,-8.166],[20.833,-0.001]],"c":true},"ix":2},"nm":"Path 1","mn":"ADBE Vector Shape - Group","hd":false},{"ty":"fl","c":{"a":0,"k":[0.176000004189,0.204000001795,0.270999983245,1],"ix":4},"o":{"a":0,"k":100,"ix":5},"r":1,"nm":"Fill 1","mn":"ADBE Vector Graphic - Fill","hd":false},{"ty":"tr","p":{"a":0,"k":[21.083,8.417],"ix":2},"a":{"a":0,"k":[0,0],"ix":1},"s":{"a":0,"k":[100,100],"ix":3},"r":{"a":0,"k":0,"ix":6},"o":{"a":0,"k":100,"ix":7},"sk":{"a":0,"k":0,"ix":4},"sa":{"a":0,"k":0,"ix":5},"nm":"Transform"}],"nm":"Group 1","np":2,"cix":2,"ix":1,"mn":"ADBE Vector Group","hd":false}],"ip":0,"op":162,"st":0,"bm":0},{"ddd":0,"ind":7,"ty":4,"nm":"Right Eye Brow","parent":3,"sr":1,"ks":{"o":{"a":0,"k":100,"ix":11},"r":{"a":1,"k":[{"i":{"x":[0.16],"y":[1]},"o":{"x":[0.167],"y":[0.167]},"n":["0p16_1_0p167_0p167"],"t":0,"s":[0],"e":[-7.24]},{"i":{"x":[0.15],"y":[1]},"o":{"x":[0.84],"y":[0]},"n":["0p15_1_0p84_0"],"t":6,"s":[-7.24],"e":[5.892]},{"i":{"x":[0.15],"y":[1]},"o":{"x":[0.85],"y":[0]},"n":["0p15_1_0p85_0"],"t":20,"s":[5.892],"e":[5.892]},{"i":{"x":[0.833],"y":[1]},"o":{"x":[0.85],"y":[0]},"n":["0p833_1_0p85_0"],"t":30,"s":[5.892],"e":[-0.716]},{"i":{"x":[0.15],"y":[1]},"o":{"x":[0.167],"y":[0]},"n":["0p15_1_0p167_0"],"t":36,"s":[-0.716],"e":[5.892]},{"i":{"x":[0.833],"y":[0.833]},"o":{"x":[0.167],"y":[0]},"n":["0p833_0p833_0p167_0"],"t":42,"s":[5.892],"e":[0]},{"i":{"x":[0.833],"y":[0.833]},"o":{"x":[0.167],"y":[0.167]},"n":["0p833_0p833_0p167_0p167"],"t":47,"s":[0],"e":[-7.24]},{"i":{"x":[0.15],"y":[1]},"o":{"x":[0.167],"y":[0.167]},"n":["0p15_1_0p167_0p167"],"t":53,"s":[-7.24],"e":[5.892]},{"i":{"x":[0.15],"y":[1]},"o":{"x":[0.85],"y":[0]},"n":["0p15_1_0p85_0"],"t":67,"s":[5.892],"e":[5.892]},{"i":{"x":[0.833],"y":[1]},"o":{"x":[0.85],"y":[0]},"n":["0p833_1_0p85_0"],"t":77,"s":[5.892],"e":[-0.716]},{"i":{"x":[0.15],"y":[1]},"o":{"x":[0.167],"y":[0]},"n":["0p15_1_0p167_0"],"t":83,"s":[-0.716],"e":[5.892]},{"i":{"x":[0.15],"y":[1]},"o":{"x":[0.167],"y":[0]},"n":["0p15_1_0p167_0"],"t":89,"s":[5.892],"e":[5.892]},{"i":{"x":[0.833],"y":[0.833]},"o":{"x":[0.85],"y":[0]},"n":["0p833_0p833_0p85_0"],"t":94,"s":[5.892],"e":[-7.24]},{"i":{"x":[0.15],"y":[1]},"o":{"x":[0.167],"y":[0.167]},"n":["0p15_1_0p167_0p167"],"t":100,"s":[-7.24],"e":[0]},{"t":114}],"ix":10},"p":{"a":1,"k":[{"i":{"x":0.16,"y":1},"o":{"x":0.167,"y":0.167},"n":"0p16_1_0p167_0p167","t":0,"s":[75.267,-13.416,0],"e":[75.267,-4.916,0],"to":[0,1.41666662693024,0],"ti":[0,-0.08333333581686,0]},{"i":{"x":0.15,"y":1},"o":{"x":0.84,"y":0},"n":"0p15_1_0p84_0","t":6,"s":[75.267,-4.916,0],"e":[75.267,-12.916,0],"to":[0,0.08333333581686,0],"ti":[0,1.33333337306976,0]},{"i":{"x":0.833,"y":0.833},"o":{"x":0.85,"y":0.85},"n":"0p833_0p833_0p85_0p85","t":20,"s":[75.267,-12.916,0],"e":[75.267,-12.916,0],"to":[0,0,0],"ti":[0,0,0]},{"i":{"x":0.833,"y":0.833},"o":{"x":0.167,"y":0.167},"n":"0p833_0p833_0p167_0p167","t":30,"s":[75.267,-12.916,0],"e":[75.22,-8.659,0],"to":[-0.00784566719085,0.70951437950134,0],"ti":[0,0,0]},{"i":{"x":0.833,"y":0.833},"o":{"x":0.167,"y":0.167},"n":"0p833_0p833_0p167_0p167","t":36,"s":[75.22,-8.659,0],"e":[75.267,-12.916,0],"to":[0,0,0],"ti":[-0.00784566719085,0.79284769296646,0]},{"i":{"x":0.833,"y":0.833},"o":{"x":0.167,"y":0.167},"n":"0p833_0p833_0p167_0p167","t":42,"s":[75.267,-12.916,0],"e":[75.267,-13.416,0],"to":[0.00784566719085,-0.79284769296646,0],"ti":[0,-1.33333337306976,0]},{"i":{"x":0.833,"y":0.833},"o":{"x":0.167,"y":0.167},"n":"0p833_0p833_0p167_0p167","t":47,"s":[75.267,-13.416,0],"e":[75.267,-4.916,0],"to":[0,1.33333337306976,0],"ti":[0,-0.08333333581686,0]},{"i":{"x":0.15,"y":1},"o":{"x":0.167,"y":0.167},"n":"0p15_1_0p167_0p167","t":53,"s":[75.267,-4.916,0],"e":[75.267,-12.916,0],"to":[0,0.08333333581686,0],"ti":[0,1.33333337306976,0]},{"i":{"x":0.833,"y":0.833},"o":{"x":0.85,"y":0.85},"n":"0p833_0p833_0p85_0p85","t":67,"s":[75.267,-12.916,0],"e":[75.267,-12.916,0],"to":[0,0,0],"ti":[0,0,0]},{"i":{"x":0.833,"y":0.833},"o":{"x":0.167,"y":0.167},"n":"0p833_0p833_0p167_0p167","t":77,"s":[75.267,-12.916,0],"e":[75.22,-8.659,0],"to":[-0.00784566719085,0.70951437950134,0],"ti":[0,0,0]},{"i":{"x":0.833,"y":0.833},"o":{"x":0.167,"y":0.167},"n":"0p833_0p833_0p167_0p167","t":83,"s":[75.22,-8.659,0],"e":[75.267,-12.916,0],"to":[0,0,0],"ti":[-0.00784566719085,0.70951437950134,0]},{"i":{"x":0.833,"y":0.833},"o":{"x":0.167,"y":0.167},"n":"0p833_0p833_0p167_0p167","t":89,"s":[75.267,-12.916,0],"e":[75.267,-12.916,0],"to":[0,0,0],"ti":[0,0,0]},{"i":{"x":0.833,"y":0.833},"o":{"x":0.167,"y":0.167},"n":"0p833_0p833_0p167_0p167","t":94,"s":[75.267,-12.916,0],"e":[75.267,-4.916,0],"to":[0,1.33333337306976,0],"ti":[0,0.08333333581686,0]},{"i":{"x":0.15,"y":1},"o":{"x":0.167,"y":0.167},"n":"0p15_1_0p167_0p167","t":100,"s":[75.267,-4.916,0],"e":[75.267,-13.416,0],"to":[0,-0.08333333581686,0],"ti":[0,1.41666662693024,0]},{"t":114}],"ix":2},"a":{"a":0,"k":[21.083,8.416,0],"ix":1},"s":{"a":0,"k":[100,100,100],"ix":6}},"ao":0,"shapes":[{"ty":"gr","it":[{"ind":0,"ty":"sh","ix":1,"ks":{"a":0,"k":{"i":[[4.491,0],[0,0],[0,4.492],[-4.491,0],[0,0],[0,-4.492]],"o":[[0,0],[-4.491,0],[0,-4.492],[0,0],[4.491,0],[0,4.492]],"v":[[12.667,8.166],[-12.667,8.166],[-20.833,-0.001],[-12.667,-8.166],[12.667,-8.166],[20.833,-0.001]],"c":true},"ix":2},"nm":"Path 1","mn":"ADBE Vector Shape - Group","hd":false},{"ty":"fl","c":{"a":0,"k":[0.176000004189,0.204000001795,0.270999983245,1],"ix":4},"o":{"a":0,"k":100,"ix":5},"r":1,"nm":"Fill 1","mn":"ADBE Vector Graphic - Fill","hd":false},{"ty":"tr","p":{"a":0,"k":[21.083,8.417],"ix":2},"a":{"a":0,"k":[0,0],"ix":1},"s":{"a":0,"k":[100,100],"ix":3},"r":{"a":0,"k":0,"ix":6},"o":{"a":0,"k":100,"ix":7},"sk":{"a":0,"k":0,"ix":4},"sa":{"a":0,"k":0,"ix":5},"nm":"Transform"}],"nm":"Group 1","np":2,"cix":2,"ix":1,"mn":"ADBE Vector Group","hd":false}],"ip":0,"op":162,"st":0,"bm":0},{"ddd":0,"ind":8,"ty":4,"nm":"Face","sr":1,"ks":{"o":{"a":0,"k":100,"ix":11},"r":{"a":0,"k":0,"ix":10},"p":{"a":1,"k":[{"i":{"x":0.16,"y":1},"o":{"x":0.167,"y":0.167},"n":"0p16_1_0p167_0p167","t":0,"s":[452.198,490.045,0],"e":[452.198,496.045,0],"to":[0,1,0],"ti":[0,0,0]},{"i":{"x":0.15,"y":1},"o":{"x":0.84,"y":0},"n":"0p15_1_0p84_0","t":6,"s":[452.198,496.045,0],"e":[452.198,490.045,0],"to":[0,0,0],"ti":[0,1,0]},{"i":{"x":0.833,"y":0.833},"o":{"x":0.85,"y":0.85},"n":"0p833_0p833_0p85_0p85","t":20,"s":[452.198,490.045,0],"e":[452.198,490.045,0],"to":[0,0,0],"ti":[0,0,0]},{"i":{"x":0.833,"y":0.833},"o":{"x":0.167,"y":0.167},"n":"0p833_0p833_0p167_0p167","t":47,"s":[452.198,490.045,0],"e":[452.198,496.045,0],"to":[0,1,0],"ti":[0,0,0]},{"i":{"x":0.15,"y":1},"o":{"x":0.167,"y":0.167},"n":"0p15_1_0p167_0p167","t":53,"s":[452.198,496.045,0],"e":[452.198,490.045,0],"to":[0,0,0],"ti":[0,1,0]},{"i":{"x":0.15,"y":0.15},"o":{"x":0.167,"y":0.167},"n":"0p15_0p15_0p167_0p167","t":67,"s":[452.198,490.045,0],"e":[452.198,490.045,0],"to":[0,0,0],"ti":[0,0,0]},{"i":{"x":0.833,"y":0.833},"o":{"x":0.167,"y":0},"n":"0p833_0p833_0p167_0","t":94,"s":[452.198,490.045,0],"e":[452.198,496.045,0],"to":[0,1,0],"ti":[0,0,0]},{"i":{"x":0.15,"y":1},"o":{"x":0.167,"y":0.167},"n":"0p15_1_0p167_0p167","t":100,"s":[452.198,496.045,0],"e":[452.198,490.045,0],"to":[0,0,0],"ti":[0,2.5,0]},{"i":{"x":0.15,"y":1},"o":{"x":0.85,"y":0},"n":"0p15_1_0p85_0","t":114,"s":[452.198,490.045,0],"e":[452.198,481.045,0],"to":[0,-2.5,0],"ti":[0,-1.16666662693024,0]},{"i":{"x":0.15,"y":1},"o":{"x":0.85,"y":0},"n":"0p15_1_0p85_0","t":124,"s":[452.198,481.045,0],"e":[452.198,497.045,0],"to":[0,1.16666662693024,0],"ti":[0,0,0]},{"i":{"x":0.15,"y":1},"o":{"x":0.85,"y":0},"n":"0p15_1_0p85_0","t":136,"s":[452.198,497.045,0],"e":[452.198,481.045,0],"to":[0,0,0],"ti":[0,2.66666674613953,0]},{"t":148}],"ix":2},"a":{"a":0,"k":[103.583,227.25,0],"ix":1},"s":{"a":0,"k":[100,100,100],"ix":6}},"ao":0,"shapes":[{"ty":"gr","it":[{"ind":0,"ty":"sh","ix":1,"ks":{"a":0,"k":{"i":[[11.192,0],[0,0],[0,-11.193],[0,0],[-55.733,0],[0,55.733],[0,0]],"o":[[0,0],[-11.192,0],[0,0],[0,55.733],[55.733,0],[0,0],[0,-11.193]],"v":[[80.983,-136],[-80.984,-136],[-101.333,-115.65],[-101.333,34.667],[0,136],[101.333,34.667],[101.333,-115.65]],"c":true},"ix":2},"nm":"Path 1","mn":"ADBE Vector Shape - Group","hd":false},{"ty":"fl","c":{"a":0,"k":[0.953,0.796,0.663,1],"ix":4},"o":{"a":0,"k":100,"ix":5},"r":1,"nm":"Fill 1","mn":"ADBE Vector Graphic - Fill","hd":false},{"ty":"tr","p":{"a":0,"k":[101.583,136.25],"ix":2},"a":{"a":0,"k":[0,0],"ix":1},"s":{"a":0,"k":[100,100],"ix":3},"r":{"a":0,"k":0,"ix":6},"o":{"a":0,"k":100,"ix":7},"sk":{"a":0,"k":0,"ix":4},"sa":{"a":0,"k":0,"ix":5},"nm":"Transform"}],"nm":"Group 1","np":2,"cix":2,"ix":1,"mn":"ADBE Vector Group","hd":false}],"ip":0,"op":162,"st":0,"bm":0},{"ddd":0,"ind":9,"ty":0,"nm":"Ear","parent":8,"refId":"comp_2","sr":1,"ks":{"o":{"a":0,"k":100,"ix":11},"r":{"a":1,"k":[{"i":{"x":[0.16],"y":[1]},"o":{"x":[0.167],"y":[0]},"n":["0p16_1_0p167_0"],"t":0,"s":[0],"e":[0]},{"i":{"x":[0.15],"y":[1]},"o":{"x":[0.84],"y":[0]},"n":["0p15_1_0p84_0"],"t":6,"s":[0],"e":[-1.475]},{"i":{"x":[0.833],"y":[1]},"o":{"x":[0.85],"y":[0]},"n":["0p833_1_0p85_0"],"t":20,"s":[-1.475],"e":[-1.475]},{"i":{"x":[0.833],"y":[0.833]},"o":{"x":[0.167],"y":[0]},"n":["0p833_0p833_0p167_0"],"t":47,"s":[-1.475],"e":[0]},{"i":{"x":[0.15],"y":[1]},"o":{"x":[0.167],"y":[0.167]},"n":["0p15_1_0p167_0p167"],"t":53,"s":[0],"e":[1.095]},{"i":{"x":[0.15],"y":[1]},"o":{"x":[0.167],"y":[0]},"n":["0p15_1_0p167_0"],"t":67,"s":[1.095],"e":[1.095]},{"i":{"x":[0.833],"y":[0.833]},"o":{"x":[0.167],"y":[0]},"n":["0p833_0p833_0p167_0"],"t":94,"s":[1.095],"e":[0]},{"i":{"x":[0.15],"y":[1]},"o":{"x":[0.167],"y":[0]},"n":["0p15_1_0p167_0"],"t":100,"s":[0],"e":[0]},{"t":114}],"ix":10},"p":{"a":1,"k":[{"i":{"x":0.16,"y":0.16},"o":{"x":0.167,"y":0.167},"n":"0p16_0p16_0p167_0p167","t":0,"s":[101.385,187.205,0],"e":[101.385,187.205,0],"to":[0,0,0],"ti":[0,0,0]},{"i":{"x":0.15,"y":1},"o":{"x":0.84,"y":0},"n":"0p15_1_0p84_0","t":6,"s":[101.385,187.205,0],"e":[97.385,190.205,0],"to":[-0.66666668653488,0.5,0],"ti":[0.66666668653488,-0.5,0]},{"i":{"x":0.15,"y":0.15},"o":{"x":0.85,"y":0.85},"n":"0p15_0p15_0p85_0p85","t":20,"s":[97.385,190.205,0],"e":[97.385,190.205,0],"to":[0,0,0],"ti":[0,0,0]},{"i":{"x":0.833,"y":0.833},"o":{"x":0.85,"y":0},"n":"0p833_0p833_0p85_0","t":47,"s":[97.385,190.205,0],"e":[101.385,187.205,0],"to":[0.66666668653488,-0.5,0],"ti":[-1.41666662693024,0,0]},{"i":{"x":0.15,"y":1},"o":{"x":0.167,"y":0.167},"n":"0p15_1_0p167_0p167","t":53,"s":[101.385,187.205,0],"e":[105.885,190.205,0],"to":[1.41666662693024,0,0],"ti":[-0.75,-0.5,0]},{"i":{"x":0.15,"y":0.15},"o":{"x":0.167,"y":0.167},"n":"0p15_0p15_0p167_0p167","t":67,"s":[105.885,190.205,0],"e":[105.885,190.205,0],"to":[0,0,0],"ti":[0,0,0]},{"i":{"x":0.833,"y":0.833},"o":{"x":0.167,"y":0},"n":"0p833_0p833_0p167_0","t":94,"s":[105.885,190.205,0],"e":[101.385,187.205,0],"to":[-0.75,-0.5,0],"ti":[0.75,0.5,0]},{"i":{"x":0.15,"y":0.15},"o":{"x":0.167,"y":0.167},"n":"0p15_0p15_0p167_0p167","t":100,"s":[101.385,187.205,0],"e":[101.385,187.205,0],"to":[0,0,0],"ti":[0,0,0]},{"t":114}],"ix":2},"a":{"a":0,"k":[139,89,0],"ix":1},"s":{"a":0,"k":[100,100,100],"ix":6}},"ao":0,"w":281,"h":539,"ip":0,"op":162,"st":0,"bm":0},{"ddd":0,"ind":10,"ty":4,"nm":"Jakun","sr":1,"ks":{"o":{"a":0,"k":100,"ix":11},"r":{"a":0,"k":0,"ix":10},"p":{"a":0,"k":[450.948,579.25,0],"ix":2},"a":{"a":0,"k":[23.375,18.375,0],"ix":1},"s":{"a":0,"k":[100,100,100],"ix":6}},"ao":0,"shapes":[{"ty":"gr","it":[{"ind":0,"ty":"sh","ix":1,"ks":{"a":0,"k":{"i":[[0,0],[0,0],[0,0]],"o":[[0,0],[0,0],[0,0]],"v":[[-21.5,-16.5],[-0.464,16.5],[21.5,-16.5]],"c":false},"ix":2},"nm":"Path 1","mn":"ADBE Vector Shape - Group","hd":false},{"ty":"st","c":{"a":0,"k":[0.878,0.733,0.604,1],"ix":3},"o":{"a":0,"k":100,"ix":4},"w":{"a":0,"k":0.75,"ix":5},"lc":2,"lj":2,"nm":"Stroke 1","mn":"ADBE Vector Graphic - Stroke","hd":false},{"ty":"tr","p":{"a":0,"k":[23.375,18.375],"ix":2},"a":{"a":0,"k":[0,0],"ix":1},"s":{"a":0,"k":[100,100],"ix":3},"r":{"a":0,"k":0,"ix":6},"o":{"a":0,"k":100,"ix":7},"sk":{"a":0,"k":0,"ix":4},"sa":{"a":0,"k":0,"ix":5},"nm":"Transform"}],"nm":"Group 1","np":2,"cix":2,"ix":1,"mn":"ADBE Vector Group","hd":false}],"ip":0,"op":162,"st":0,"bm":0},{"ddd":0,"ind":11,"ty":4,"nm":"Neck 2","td":1,"sr":1,"ks":{"o":{"a":0,"k":100,"ix":11},"r":{"a":0,"k":0,"ix":10},"p":{"a":0,"k":[450.948,524.25,0],"ix":2},"a":{"a":0,"k":[74.083,116.25,0],"ix":1},"s":{"a":0,"k":[100,100,100],"ix":6}},"ao":0,"shapes":[{"ty":"gr","it":[{"ind":0,"ty":"sh","ix":1,"ks":{"a":0,"k":{"i":[[8.823,0],[0,0],[0,-8.823],[0,0],[-40.608,0],[0,40.608],[0,0]],"o":[[0,0],[-8.823,0],[0,0],[0,40.608],[40.608,0],[0,0],[0,-8.823]],"v":[[57.79,-116],[-57.792,-116],[-73.833,-99.958],[-73.833,42.167],[-0.001,116],[73.833,42.167],[73.833,-99.958]],"c":true},"ix":2},"nm":"Path 1","mn":"ADBE Vector Shape - Group","hd":false},{"ty":"fl","c":{"a":0,"k":[0.878431379795,0.731532931328,0.602845072746,1],"ix":4},"o":{"a":0,"k":100,"ix":5},"r":1,"nm":"Fill 1","mn":"ADBE Vector Graphic - Fill","hd":false},{"ty":"tr","p":{"a":0,"k":[74.084,116.25],"ix":2},"a":{"a":0,"k":[0,0],"ix":1},"s":{"a":0,"k":[100,100],"ix":3},"r":{"a":0,"k":0,"ix":6},"o":{"a":0,"k":100,"ix":7},"sk":{"a":0,"k":0,"ix":4},"sa":{"a":0,"k":0,"ix":5},"nm":"Transform"}],"nm":"Group 1","np":2,"cix":2,"ix":1,"mn":"ADBE Vector Group","hd":false}],"ip":0,"op":162,"st":0,"bm":0},{"ddd":0,"ind":12,"ty":4,"nm":"Shape Layer 1","parent":8,"tt":1,"sr":1,"ks":{"o":{"a":0,"k":100,"ix":11},"r":{"a":0,"k":-9.776,"ix":10},"p":{"a":0,"k":[95.385,220.205,0],"ix":2},"a":{"a":0,"k":[-2,100,0],"ix":1},"s":{"a":0,"k":[116.328,100,100],"ix":6}},"ao":0,"shapes":[{"ty":"gr","it":[{"d":1,"ty":"el","s":{"a":0,"k":[148,148],"ix":2},"p":{"a":0,"k":[0,0],"ix":3},"nm":"Ellipse Path 1","mn":"ADBE Vector Shape - Ellipse","hd":false},{"ty":"fl","c":{"a":0,"k":[0.686,0.584,0.494,1],"ix":4},"o":{"a":0,"k":100,"ix":5},"r":1,"nm":"Fill 1","mn":"ADBE Vector Graphic - Fill","hd":false},{"ty":"tr","p":{"a":0,"k":[-2,100],"ix":2},"a":{"a":0,"k":[0,0],"ix":1},"s":{"a":0,"k":[100,100],"ix":3},"r":{"a":0,"k":0,"ix":6},"o":{"a":0,"k":100,"ix":7},"sk":{"a":0,"k":0,"ix":4},"sa":{"a":0,"k":0,"ix":5},"nm":"Transform"}],"nm":"Ellipse 1","np":3,"cix":2,"ix":1,"mn":"ADBE Vector Group","hd":false}],"ip":0,"op":162,"st":0,"bm":0},{"ddd":0,"ind":13,"ty":4,"nm":"Neck","sr":1,"ks":{"o":{"a":0,"k":100,"ix":11},"r":{"a":0,"k":0,"ix":10},"p":{"a":0,"k":[450.948,524.25,0],"ix":2},"a":{"a":0,"k":[74.083,116.25,0],"ix":1},"s":{"a":0,"k":[100,100,100],"ix":6}},"ao":0,"shapes":[{"ty":"gr","it":[{"ind":0,"ty":"sh","ix":1,"ks":{"a":0,"k":{"i":[[8.823,0],[0,0],[0,-8.823],[0,0],[-40.608,0],[0,40.608],[0,0]],"o":[[0,0],[-8.823,0],[0,0],[0,40.608],[40.608,0],[0,0],[0,-8.823]],"v":[[57.79,-116],[-57.792,-116],[-73.833,-99.958],[-73.833,42.167],[-0.001,116],[73.833,42.167],[73.833,-99.958]],"c":true},"ix":2},"nm":"Path 1","mn":"ADBE Vector Shape - Group","hd":false},{"ty":"fl","c":{"a":0,"k":[0.878431379795,0.731532931328,0.602845072746,1],"ix":4},"o":{"a":0,"k":100,"ix":5},"r":1,"nm":"Fill 1","mn":"ADBE Vector Graphic - Fill","hd":false},{"ty":"tr","p":{"a":0,"k":[74.084,116.25],"ix":2},"a":{"a":0,"k":[0,0],"ix":1},"s":{"a":0,"k":[100,100],"ix":3},"r":{"a":0,"k":0,"ix":6},"o":{"a":0,"k":100,"ix":7},"sk":{"a":0,"k":0,"ix":4},"sa":{"a":0,"k":0,"ix":5},"nm":"Transform"}],"nm":"Group 1","np":2,"cix":2,"ix":1,"mn":"ADBE Vector Group","hd":false}],"ip":0,"op":162,"st":0,"bm":0},{"ddd":0,"ind":14,"ty":0,"nm":"Back Hair","parent":8,"refId":"comp_3","sr":1,"ks":{"o":{"a":0,"k":100,"ix":11},"r":{"a":0,"k":0,"ix":10},"p":{"a":1,"k":[{"i":{"x":0.16,"y":0.16},"o":{"x":0.167,"y":0.167},"n":"0p16_0p16_0p167_0p167","t":0,"s":[101.385,187.205,0],"e":[101.385,187.205,0],"to":[0,0,0],"ti":[0,0,0]},{"i":{"x":0.15,"y":1},"o":{"x":0.84,"y":0},"n":"0p15_1_0p84_0","t":6,"s":[101.385,187.205,0],"e":[92.385,190.205,0],"to":[-1.5,0.5,0],"ti":[1.5,-0.5,0]},{"i":{"x":0.15,"y":0.15},"o":{"x":0.85,"y":0.85},"n":"0p15_0p15_0p85_0p85","t":20,"s":[92.385,190.205,0],"e":[92.385,190.205,0],"to":[0,0,0],"ti":[0,0,0]},{"i":{"x":0.833,"y":0.833},"o":{"x":0.85,"y":0},"n":"0p833_0p833_0p85_0","t":47,"s":[92.385,190.205,0],"e":[101.385,187.205,0],"to":[1.5,-0.5,0],"ti":[-3.16666674613953,0,0]},{"i":{"x":0.15,"y":1},"o":{"x":0.167,"y":0.167},"n":"0p15_1_0p167_0p167","t":53,"s":[101.385,187.205,0],"e":[111.385,190.205,0],"to":[3.16666674613953,0,0],"ti":[-1.66666662693024,-0.5,0]},{"i":{"x":0.15,"y":0.15},"o":{"x":0.85,"y":0.85},"n":"0p15_0p15_0p85_0p85","t":67,"s":[111.385,190.205,0],"e":[111.385,190.205,0],"to":[0,0,0],"ti":[0,0,0]},{"i":{"x":0.833,"y":0.833},"o":{"x":0.85,"y":0},"n":"0p833_0p833_0p85_0","t":94,"s":[111.385,190.205,0],"e":[101.385,187.205,0],"to":[-1.66666662693024,-0.5,0],"ti":[1.66666662693024,0.5,0]},{"i":{"x":0.15,"y":0.15},"o":{"x":0.167,"y":0.167},"n":"0p15_0p15_0p167_0p167","t":100,"s":[101.385,187.205,0],"e":[101.385,187.205,0],"to":[0,0,0],"ti":[0,0,0]},{"i":{"x":0.15,"y":1},"o":{"x":0.85,"y":0},"n":"0p15_1_0p85_0","t":114,"s":[101.385,187.205,0],"e":[101.385,194.205,0],"to":[0,1.16666662693024,0],"ti":[0,-1.16666662693024,0]},{"i":{"x":0.15,"y":0.15},"o":{"x":0.85,"y":0.85},"n":"0p15_0p15_0p85_0p85","t":124,"s":[101.385,194.205,0],"e":[101.385,194.205,0],"to":[0,0,0],"ti":[0,0,0]},{"i":{"x":0.15,"y":1},"o":{"x":0.85,"y":0},"n":"0p15_1_0p85_0","t":136,"s":[101.385,194.205,0],"e":[101.385,187.205,0],"to":[0,-1.16666662693024,0],"ti":[0,1.16666662693024,0]},{"t":148}],"ix":2},"a":{"a":0,"k":[165,271,0],"ix":1},"s":{"a":0,"k":[100,100,100],"ix":6}},"ao":0,"w":342,"h":349,"ip":0,"op":162,"st":0,"bm":0},{"ddd":0,"ind":15,"ty":4,"nm":"Rope","sr":1,"ks":{"o":{"a":0,"k":100,"ix":11},"r":{"a":0,"k":0,"ix":10},"p":{"a":0,"k":[421.395,712.446,0],"ix":2},"a":{"a":0,"k":[9.25,9.458,0],"ix":1},"s":{"a":0,"k":[100,100,100],"ix":6}},"ao":0,"shapes":[{"ty":"gr","it":[{"ind":0,"ty":"sh","ix":1,"ks":{"a":0,"k":{"i":[[4.233,0],[0,0],[0,4.233],[0,0],[-4.234,0],[0,0],[0,-4.233],[0,0]],"o":[[0,0],[-4.234,0],[0,0],[0,-4.233],[0,0],[4.233,0],[0,0],[0,4.233]],"v":[[1.303,52.208],[-1.302,52.208],[-9,44.512],[-9,-44.512],[-1.302,-52.208],[1.303,-52.208],[9,-44.512],[9,44.512]],"c":true},"ix":2},"nm":"Path 1","mn":"ADBE Vector Shape - Group","hd":false},{"ty":"fl","c":{"a":0,"k":[1,0.906,0.467,1],"ix":4},"o":{"a":0,"k":100,"ix":5},"r":1,"nm":"Fill 1","mn":"ADBE Vector Graphic - Fill","hd":false},{"ty":"tr","p":{"a":0,"k":[9.25,52.458],"ix":2},"a":{"a":0,"k":[0,0],"ix":1},"s":{"a":0,"k":[100,100],"ix":3},"r":{"a":0,"k":0,"ix":6},"o":{"a":0,"k":100,"ix":7},"sk":{"a":0,"k":0,"ix":4},"sa":{"a":0,"k":0,"ix":5},"nm":"Transform"}],"nm":"Group 1","np":2,"cix":2,"ix":1,"mn":"ADBE Vector Group","hd":false}],"ip":0,"op":162,"st":0,"bm":0},{"ddd":0,"ind":16,"ty":4,"nm":"Rope","sr":1,"ks":{"o":{"a":0,"k":100,"ix":11},"r":{"a":0,"k":0,"ix":10},"p":{"a":0,"k":[479.395,711.946,0],"ix":2},"a":{"a":0,"k":[9.25,8.958,0],"ix":1},"s":{"a":0,"k":[100,100,100],"ix":6}},"ao":0,"shapes":[{"ty":"gr","it":[{"ind":0,"ty":"sh","ix":1,"ks":{"a":0,"k":{"i":[[4.233,0],[0,0],[0,4.233],[0,0],[-4.234,0],[0,0],[0,-4.233],[0,0]],"o":[[0,0],[-4.234,0],[0,0],[0,-4.233],[0,0],[4.233,0],[0,0],[0,4.233]],"v":[[1.303,52.208],[-1.302,52.208],[-9,44.512],[-9,-44.512],[-1.302,-52.208],[1.303,-52.208],[9,-44.512],[9,44.512]],"c":true},"ix":2},"nm":"Path 1","mn":"ADBE Vector Shape - Group","hd":false},{"ty":"fl","c":{"a":0,"k":[1,0.906,0.467,1],"ix":4},"o":{"a":0,"k":100,"ix":5},"r":1,"nm":"Fill 1","mn":"ADBE Vector Graphic - Fill","hd":false},{"ty":"tr","p":{"a":0,"k":[9.25,52.458],"ix":2},"a":{"a":0,"k":[0,0],"ix":1},"s":{"a":0,"k":[100,100],"ix":3},"r":{"a":0,"k":0,"ix":6},"o":{"a":0,"k":100,"ix":7},"sk":{"a":0,"k":0,"ix":4},"sa":{"a":0,"k":0,"ix":5},"nm":"Transform"}],"nm":"Group 1","np":2,"cix":2,"ix":1,"mn":"ADBE Vector Group","hd":false}],"ip":0,"op":162,"st":0,"bm":0},{"ddd":0,"ind":17,"ty":4,"nm":"Inshirt Shirt","sr":1,"ks":{"o":{"a":0,"k":100,"ix":11},"r":{"a":0,"k":0,"ix":10},"p":{"a":0,"k":[450.395,650.725,0],"ix":2},"a":{"a":0,"k":[69.863,60.025,0],"ix":1},"s":{"a":0,"k":[100,100,100],"ix":6}},"ao":0,"shapes":[{"ty":"gr","it":[{"ind":0,"ty":"sh","ix":1,"ks":{"a":0,"k":{"i":[[0,0],[0,0],[0,0]],"o":[[0,0],[0,0],[0,0]],"v":[[69.613,-59.775],[-0.499,59.775],[-69.613,-59.775]],"c":true},"ix":2},"nm":"Path 1","mn":"ADBE Vector Shape - Group","hd":false},{"ty":"fl","c":{"a":0,"k":[1,0.906,0.467,1],"ix":4},"o":{"a":0,"k":100,"ix":5},"r":1,"nm":"Fill 1","mn":"ADBE Vector Graphic - Fill","hd":false},{"ty":"tr","p":{"a":0,"k":[69.863,60.025],"ix":2},"a":{"a":0,"k":[0,0],"ix":1},"s":{"a":0,"k":[100,100],"ix":3},"r":{"a":0,"k":0,"ix":6},"o":{"a":0,"k":100,"ix":7},"sk":{"a":0,"k":0,"ix":4},"sa":{"a":0,"k":0,"ix":5},"nm":"Transform"}],"nm":"Group 1","np":2,"cix":2,"ix":1,"mn":"ADBE Vector Group","hd":false}],"ip":0,"op":162,"st":0,"bm":0},{"ddd":0,"ind":18,"ty":4,"nm":"Jacket","sr":1,"ks":{"o":{"a":0,"k":100,"ix":11},"r":{"a":0,"k":0,"ix":10},"p":{"a":0,"k":[450.197,693.825,0],"ix":2},"a":{"a":0,"k":[226.25,151.425,0],"ix":1},"s":{"a":0,"k":[100,100,100],"ix":6}},"ao":0,"shapes":[{"ty":"gr","it":[{"ind":0,"ty":"sh","ix":1,"ks":{"a":0,"k":{"i":[[0,0],[0,0],[0,0],[0,0],[0,0],[0,0],[0,0],[0,0],[0,0],[0,0]],"o":[[0,0],[0,0],[0,0],[0,0],[0,0],[0,0],[0,0],[0,0],[0,0],[0,0]],"v":[[226,54.165],[226,151.175],[-226,151.175],[-226,54.165],[-164,-21.175],[-176,-41.175],[-134.67,-151.175],[134.67,-151.175],[176,-41.175],[164,-21.175]],"c":true},"ix":2},"nm":"Path 1","mn":"ADBE Vector Shape - Group","hd":false},{"ty":"fl","c":{"a":0,"k":[0.2,0.2,0.2,1],"ix":4},"o":{"a":0,"k":100,"ix":5},"r":1,"nm":"Fill 1","mn":"ADBE Vector Graphic - Fill","hd":false},{"ty":"tr","p":{"a":0,"k":[226.25,151.425],"ix":2},"a":{"a":0,"k":[0,0],"ix":1},"s":{"a":0,"k":[100,100],"ix":3},"r":{"a":0,"k":0,"ix":6},"o":{"a":0,"k":100,"ix":7},"sk":{"a":0,"k":0,"ix":4},"sa":{"a":0,"k":0,"ix":5},"nm":"Transform"}],"nm":"Group 1","np":2,"cix":2,"ix":1,"mn":"ADBE Vector Group","hd":false}],"ip":0,"op":162,"st":0,"bm":0}]},{"id":"comp_1","layers":[{"ddd":0,"ind":1,"ty":4,"nm":"Layer 3 Outlines","sr":1,"ks":{"o":{"a":0,"k":100,"ix":11},"r":{"a":0,"k":0,"ix":10},"p":{"a":0,"k":[233.642,107.465,0],"ix":2},"a":{"a":0,"k":[31.489,31.489,0],"ix":1},"s":{"a":0,"k":[100,100,100],"ix":6}},"ao":0,"shapes":[{"ty":"gr","it":[{"ind":0,"ty":"sh","ix":1,"ks":{"a":0,"k":{"i":[[0,-17.253],[17.253,0],[0,17.252],[-17.253,0]],"o":[[0,17.252],[-17.253,0],[0,-17.253],[17.253,0]],"v":[[31.239,0],[0,31.239],[-31.239,0],[0,-31.239]],"c":true},"ix":2},"nm":"Path 1","mn":"ADBE Vector Shape - Group","hd":false},{"ty":"fl","c":{"a":0,"k":[0.176,0.204,0.271,1],"ix":4},"o":{"a":0,"k":100,"ix":5},"r":1,"nm":"Fill 1","mn":"ADBE Vector Graphic - Fill","hd":false},{"ty":"tr","p":{"a":0,"k":[31.489,31.489],"ix":2},"a":{"a":0,"k":[0,0],"ix":1},"s":{"a":0,"k":[100,100],"ix":3},"r":{"a":0,"k":0,"ix":6},"o":{"a":0,"k":100,"ix":7},"sk":{"a":0,"k":0,"ix":4},"sa":{"a":0,"k":0,"ix":5},"nm":"Transform"}],"nm":"Group 1","np":2,"cix":2,"ix":1,"mn":"ADBE Vector Group","hd":false}],"ip":0,"op":320,"st":0,"bm":0},{"ddd":0,"ind":2,"ty":4,"nm":"Layer 4 Outlines","sr":1,"ks":{"o":{"a":0,"k":100,"ix":11},"r":{"a":0,"k":0,"ix":10},"p":{"a":0,"k":[93.334,36.893,0],"ix":2},"a":{"a":0,"k":[37.143,37.143,0],"ix":1},"s":{"a":0,"k":[100,100,100],"ix":6}},"ao":0,"shapes":[{"ty":"gr","it":[{"ind":0,"ty":"sh","ix":1,"ks":{"a":0,"k":{"i":[[0,-20.375],[20.375,0],[0,20.375],[-20.376,0]],"o":[[0,20.375],[-20.376,0],[0,-20.375],[20.375,0]],"v":[[36.893,0],[0,36.893],[-36.893,0],[0,-36.893]],"c":true},"ix":2},"nm":"Path 1","mn":"ADBE Vector Shape - Group","hd":false},{"ty":"fl","c":{"a":0,"k":[0.176000004189,0.204000001795,0.270999983245,1],"ix":4},"o":{"a":0,"k":100,"ix":5},"r":1,"nm":"Fill 1","mn":"ADBE Vector Graphic - Fill","hd":false},{"ty":"tr","p":{"a":0,"k":[37.143,37.143],"ix":2},"a":{"a":0,"k":[0,0],"ix":1},"s":{"a":0,"k":[100,100],"ix":3},"r":{"a":0,"k":0,"ix":6},"o":{"a":0,"k":100,"ix":7},"sk":{"a":0,"k":0,"ix":4},"sa":{"a":0,"k":0,"ix":5},"nm":"Transform"}],"nm":"Group 1","np":2,"cix":2,"ix":1,"mn":"ADBE Vector Group","hd":false}],"ip":0,"op":320,"st":0,"bm":0},{"ddd":0,"ind":3,"ty":4,"nm":"Layer 5 Outlines","sr":1,"ks":{"o":{"a":0,"k":100,"ix":11},"r":{"a":0,"k":0,"ix":10},"p":{"a":0,"k":[41.962,64.692,0],"ix":2},"a":{"a":0,"k":[37.143,37.143,0],"ix":1},"s":{"a":0,"k":[100,100,100],"ix":6}},"ao":0,"shapes":[{"ty":"gr","it":[{"ind":0,"ty":"sh","ix":1,"ks":{"a":0,"k":{"i":[[0,-20.375],[20.375,0],[0,20.375],[-20.376,0]],"o":[[0,20.375],[-20.376,0],[0,-20.375],[20.375,0]],"v":[[36.893,0],[0,36.893],[-36.893,0],[0,-36.893]],"c":true},"ix":2},"nm":"Path 1","mn":"ADBE Vector Shape - Group","hd":false},{"ty":"fl","c":{"a":0,"k":[0.176000004189,0.204000001795,0.270999983245,1],"ix":4},"o":{"a":0,"k":100,"ix":5},"r":1,"nm":"Fill 1","mn":"ADBE Vector Graphic - Fill","hd":false},{"ty":"tr","p":{"a":0,"k":[37.143,37.143],"ix":2},"a":{"a":0,"k":[0,0],"ix":1},"s":{"a":0,"k":[100,100],"ix":3},"r":{"a":0,"k":0,"ix":6},"o":{"a":0,"k":100,"ix":7},"sk":{"a":0,"k":0,"ix":4},"sa":{"a":0,"k":0,"ix":5},"nm":"Transform"}],"nm":"Group 1","np":2,"cix":2,"ix":1,"mn":"ADBE Vector Group","hd":false}],"ip":0,"op":320,"st":0,"bm":0},{"ddd":0,"ind":4,"ty":4,"nm":"Layer 6 Outlines","sr":1,"ks":{"o":{"a":0,"k":100,"ix":11},"r":{"a":0,"k":0,"ix":10},"p":{"a":0,"k":[133.774,35.547,0],"ix":2},"a":{"a":0,"k":[27.036,27.036,0],"ix":1},"s":{"a":0,"k":[100,100,100],"ix":6}},"ao":0,"shapes":[{"ty":"gr","it":[{"ind":0,"ty":"sh","ix":1,"ks":{"a":0,"k":{"i":[[0,-14.793],[14.794,0],[0,14.793],[-14.794,0]],"o":[[0,14.793],[-14.794,0],[0,-14.793],[14.794,0]],"v":[[26.786,0],[0,26.786],[-26.786,0],[0,-26.786]],"c":true},"ix":2},"nm":"Path 1","mn":"ADBE Vector Shape - Group","hd":false},{"ty":"fl","c":{"a":0,"k":[0.176000004189,0.204000001795,0.270999983245,1],"ix":4},"o":{"a":0,"k":100,"ix":5},"r":1,"nm":"Fill 1","mn":"ADBE Vector Graphic - Fill","hd":false},{"ty":"tr","p":{"a":0,"k":[27.036,27.036],"ix":2},"a":{"a":0,"k":[0,0],"ix":1},"s":{"a":0,"k":[100,100],"ix":3},"r":{"a":0,"k":0,"ix":6},"o":{"a":0,"k":100,"ix":7},"sk":{"a":0,"k":0,"ix":4},"sa":{"a":0,"k":0,"ix":5},"nm":"Transform"}],"nm":"Group 1","np":2,"cix":2,"ix":1,"mn":"ADBE Vector Group","hd":false}],"ip":0,"op":320,"st":0,"bm":0},{"ddd":0,"ind":5,"ty":4,"nm":"Layer 7 Outlines","sr":1,"ks":{"o":{"a":0,"k":100,"ix":11},"r":{"a":0,"k":0,"ix":10},"p":{"a":0,"k":[222.916,62.334,0],"ix":2},"a":{"a":0,"k":[27.035,27.036,0],"ix":1},"s":{"a":0,"k":[100,100,100],"ix":6}},"ao":0,"shapes":[{"ty":"gr","it":[{"ind":0,"ty":"sh","ix":1,"ks":{"a":0,"k":{"i":[[0,-14.793],[14.794,0],[0,14.793],[-14.793,0]],"o":[[0,14.793],[-14.793,0],[0,-14.793],[14.794,0]],"v":[[26.786,0],[0,26.786],[-26.786,0],[0,-26.786]],"c":true},"ix":2},"nm":"Path 1","mn":"ADBE Vector Shape - Group","hd":false},{"ty":"fl","c":{"a":0,"k":[0.176000004189,0.204000001795,0.270999983245,1],"ix":4},"o":{"a":0,"k":100,"ix":5},"r":1,"nm":"Fill 1","mn":"ADBE Vector Graphic - Fill","hd":false},{"ty":"tr","p":{"a":0,"k":[27.035,27.036],"ix":2},"a":{"a":0,"k":[0,0],"ix":1},"s":{"a":0,"k":[100,100],"ix":3},"r":{"a":0,"k":0,"ix":6},"o":{"a":0,"k":100,"ix":7},"sk":{"a":0,"k":0,"ix":4},"sa":{"a":0,"k":0,"ix":5},"nm":"Transform"}],"nm":"Group 1","np":2,"cix":2,"ix":1,"mn":"ADBE Vector Group","hd":false}],"ip":0,"op":320,"st":0,"bm":0},{"ddd":0,"ind":6,"ty":4,"nm":"Layer 8 Outlines","sr":1,"ks":{"o":{"a":0,"k":100,"ix":11},"r":{"a":0,"k":0,"ix":10},"p":{"a":0,"k":[170.636,47,0],"ix":2},"a":{"a":0,"k":[32.018,32.017,0],"ix":1},"s":{"a":0,"k":[100,100,100],"ix":6}},"ao":0,"shapes":[{"ty":"gr","it":[{"ind":0,"ty":"sh","ix":1,"ks":{"a":0,"k":{"i":[[0,-17.544],[17.545,0],[0,17.544],[-17.545,0]],"o":[[0,17.544],[-17.545,0],[0,-17.544],[17.545,0]],"v":[[31.768,0],[-0.001,31.767],[-31.768,0],[-0.001,-31.767]],"c":true},"ix":2},"nm":"Path 1","mn":"ADBE Vector Shape - Group","hd":false},{"ty":"fl","c":{"a":0,"k":[0.176000004189,0.204000001795,0.270999983245,1],"ix":4},"o":{"a":0,"k":100,"ix":5},"r":1,"nm":"Fill 1","mn":"ADBE Vector Graphic - Fill","hd":false},{"ty":"tr","p":{"a":0,"k":[32.018,32.017],"ix":2},"a":{"a":0,"k":[0,0],"ix":1},"s":{"a":0,"k":[100,100],"ix":3},"r":{"a":0,"k":0,"ix":6},"o":{"a":0,"k":100,"ix":7},"sk":{"a":0,"k":0,"ix":4},"sa":{"a":0,"k":0,"ix":5},"nm":"Transform"}],"nm":"Group 1","np":2,"cix":2,"ix":1,"mn":"ADBE Vector Group","hd":false}],"ip":0,"op":320,"st":0,"bm":0},{"ddd":0,"ind":7,"ty":4,"nm":"Layer 9 Outlines","sr":1,"ks":{"o":{"a":0,"k":100,"ix":11},"r":{"a":0,"k":0,"ix":10},"p":{"a":0,"k":[232.333,148.072,0],"ix":2},"a":{"a":0,"k":[17.618,17.618,0],"ix":1},"s":{"a":0,"k":[100,100,100],"ix":6}},"ao":0,"shapes":[{"ty":"gr","it":[{"ind":0,"ty":"sh","ix":1,"ks":{"a":0,"k":{"i":[[0,-9.592],[9.593,0],[0,9.592],[-9.592,0]],"o":[[0,9.592],[-9.592,0],[0,-9.592],[9.593,0]],"v":[[17.368,0],[0,17.368],[-17.368,0],[0,-17.368]],"c":true},"ix":2},"nm":"Path 1","mn":"ADBE Vector Shape - Group","hd":false},{"ty":"fl","c":{"a":0,"k":[0.176000004189,0.204000001795,0.270999983245,1],"ix":4},"o":{"a":0,"k":100,"ix":5},"r":1,"nm":"Fill 1","mn":"ADBE Vector Graphic - Fill","hd":false},{"ty":"tr","p":{"a":0,"k":[17.618,17.618],"ix":2},"a":{"a":0,"k":[0,0],"ix":1},"s":{"a":0,"k":[100,100],"ix":3},"r":{"a":0,"k":0,"ix":6},"o":{"a":0,"k":100,"ix":7},"sk":{"a":0,"k":0,"ix":4},"sa":{"a":0,"k":0,"ix":5},"nm":"Transform"}],"nm":"Group 1","np":2,"cix":2,"ix":1,"mn":"ADBE Vector Group","hd":false}],"ip":0,"op":320,"st":0,"bm":0},{"ddd":0,"ind":8,"ty":4,"nm":"Layer 10 Outlines","sr":1,"ks":{"o":{"a":0,"k":100,"ix":11},"r":{"a":0,"k":0,"ix":10},"p":{"a":0,"k":[24.499,112.956,0],"ix":2},"a":{"a":0,"k":[24.522,24.522,0],"ix":1},"s":{"a":0,"k":[100,100,100],"ix":6}},"ao":0,"shapes":[{"ty":"gr","it":[{"ind":0,"ty":"sh","ix":1,"ks":{"a":0,"k":{"i":[[0,-13.405],[13.405,0],[0,13.405],[-13.406,0]],"o":[[0,13.405],[-13.406,0],[0,-13.405],[13.405,0]],"v":[[24.273,0],[0.001,24.272],[-24.273,0],[0.001,-24.272]],"c":true},"ix":2},"nm":"Path 1","mn":"ADBE Vector Shape - Group","hd":false},{"ty":"fl","c":{"a":0,"k":[0.176000004189,0.204000001795,0.270999983245,1],"ix":4},"o":{"a":0,"k":100,"ix":5},"r":1,"nm":"Fill 1","mn":"ADBE Vector Graphic - Fill","hd":false},{"ty":"tr","p":{"a":0,"k":[24.523,24.522],"ix":2},"a":{"a":0,"k":[0,0],"ix":1},"s":{"a":0,"k":[100,100],"ix":3},"r":{"a":0,"k":0,"ix":6},"o":{"a":0,"k":100,"ix":7},"sk":{"a":0,"k":0,"ix":4},"sa":{"a":0,"k":0,"ix":5},"nm":"Transform"}],"nm":"Group 1","np":2,"cix":2,"ix":1,"mn":"ADBE Vector Group","hd":false}],"ip":0,"op":320,"st":0,"bm":0},{"ddd":0,"ind":9,"ty":4,"nm":"Layer 11 Outlines","sr":1,"ks":{"o":{"a":0,"k":100,"ix":11},"r":{"a":0,"k":0,"ix":10},"p":{"a":0,"k":[23.094,141.428,0],"ix":2},"a":{"a":0,"k":[19.118,19.118,0],"ix":1},"s":{"a":0,"k":[100,100,100],"ix":6}},"ao":0,"shapes":[{"ty":"gr","it":[{"ind":0,"ty":"sh","ix":1,"ks":{"a":0,"k":{"i":[[0,-10.42],[10.421,0],[0,10.42],[-10.421,0]],"o":[[0,10.42],[-10.421,0],[0,-10.42],[10.421,0]],"v":[[18.868,0],[0,18.868],[-18.868,0],[0,-18.868]],"c":true},"ix":2},"nm":"Path 1","mn":"ADBE Vector Shape - Group","hd":false},{"ty":"fl","c":{"a":0,"k":[0.176000004189,0.204000001795,0.270999983245,1],"ix":4},"o":{"a":0,"k":100,"ix":5},"r":1,"nm":"Fill 1","mn":"ADBE Vector Graphic - Fill","hd":false},{"ty":"tr","p":{"a":0,"k":[19.118,19.118],"ix":2},"a":{"a":0,"k":[0,0],"ix":1},"s":{"a":0,"k":[100,100],"ix":3},"r":{"a":0,"k":0,"ix":6},"o":{"a":0,"k":100,"ix":7},"sk":{"a":0,"k":0,"ix":4},"sa":{"a":0,"k":0,"ix":5},"nm":"Transform"}],"nm":"Group 1","np":2,"cix":2,"ix":1,"mn":"ADBE Vector Group","hd":false}],"ip":0,"op":320,"st":0,"bm":0}]},{"id":"comp_2","layers":[{"ddd":0,"ind":1,"ty":4,"nm":"EarPhone","sr":1,"ks":{"o":{"a":0,"k":100,"ix":11},"r":{"a":0,"k":0,"ix":10},"p":{"a":0,"k":[139.395,284.625,0],"ix":2},"a":{"a":0,"k":[119.538,256.875,0],"ix":1},"s":{"a":0,"k":[100,100,100],"ix":6}},"ao":0,"shapes":[{"ty":"gr","it":[{"ind":0,"ty":"sh","ix":1,"ks":{"a":0,"k":{"i":[[0,0],[0,0],[4.049,-6.086],[0,0],[0,0]],"o":[[0,0],[0,7.31],[0,0],[0,0],[0,0]],"v":[[57.966,-236.685],[57.966,-223.667],[51.756,-203.125],[-57.966,-38.23],[-57.966,236.686]],"c":false},"ix":2},"nm":"Path 1","mn":"ADBE Vector Shape - Group","hd":false},{"ty":"st","c":{"a":0,"k":[1,1,1,1],"ix":3},"o":{"a":0,"k":100,"ix":4},"w":{"a":0,"k":1,"ix":5},"lc":1,"lj":1,"ml":10,"nm":"Stroke 1","mn":"ADBE Vector Graphic - Stroke","hd":false},{"ty":"tr","p":{"a":0,"k":[177.583,274.564],"ix":2},"a":{"a":0,"k":[0,0],"ix":1},"s":{"a":0,"k":[100,100],"ix":3},"r":{"a":0,"k":0,"ix":6},"o":{"a":0,"k":100,"ix":7},"sk":{"a":0,"k":0,"ix":4},"sa":{"a":0,"k":0,"ix":5},"nm":"Transform"}],"nm":"Group 1","np":2,"cix":2,"ix":1,"mn":"ADBE Vector Group","hd":false},{"ty":"gr","it":[{"ind":0,"ty":"sh","ix":1,"ks":{"a":0,"k":{"i":[[0,0],[0,0],[-4.049,-6.086],[0,0],[0,0]],"o":[[0,0],[0,7.31],[0,0],[0,0],[0,0]],"v":[[-57.965,-236.685],[-57.965,-223.667],[-51.757,-203.125],[57.965,-38.23],[57.965,236.686]],"c":false},"ix":2},"nm":"Path 1","mn":"ADBE Vector Shape - Group","hd":false},{"ty":"st","c":{"a":0,"k":[1,1,1,1],"ix":3},"o":{"a":0,"k":100,"ix":4},"w":{"a":0,"k":1,"ix":5},"lc":1,"lj":1,"ml":10,"nm":"Stroke 1","mn":"ADBE Vector Graphic - Stroke","hd":false},{"ty":"tr","p":{"a":0,"k":[61.653,274.564],"ix":2},"a":{"a":0,"k":[0,0],"ix":1},"s":{"a":0,"k":[100,100],"ix":3},"r":{"a":0,"k":0,"ix":6},"o":{"a":0,"k":100,"ix":7},"sk":{"a":0,"k":0,"ix":4},"sa":{"a":0,"k":0,"ix":5},"nm":"Transform"}],"nm":"Group 2","np":2,"cix":2,"ix":2,"mn":"ADBE Vector Group","hd":false},{"ty":"gr","it":[{"ind":0,"ty":"sh","ix":1,"ks":{"a":0,"k":{"i":[[0,-6.548],[-6.547,0],[0,6.547],[6.548,0]],"o":[[0,6.547],[6.548,0],[0,-6.548],[-6.547,0]],"v":[[-11.855,0],[-0.001,11.855],[11.855,0],[-0.001,-11.855]],"c":true},"ix":2},"nm":"Path 1","mn":"ADBE Vector Shape - Group","hd":false},{"ty":"fl","c":{"a":0,"k":[1,1,1,1],"ix":4},"o":{"a":0,"k":100,"ix":5},"r":1,"nm":"Fill 1","mn":"ADBE Vector Graphic - Fill","hd":false},{"ty":"tr","p":{"a":0,"k":[12.708,12.105],"ix":2},"a":{"a":0,"k":[0,0],"ix":1},"s":{"a":0,"k":[100,100],"ix":3},"r":{"a":0,"k":0,"ix":6},"o":{"a":0,"k":100,"ix":7},"sk":{"a":0,"k":0,"ix":4},"sa":{"a":0,"k":0,"ix":5},"nm":"Transform"}],"nm":"Group 3","np":2,"cix":2,"ix":3,"mn":"ADBE Vector Group","hd":false},{"ty":"gr","it":[{"ind":0,"ty":"sh","ix":1,"ks":{"a":0,"k":{"i":[[1.89,0],[0,0],[0,-1.891],[0,0],[-1.89,0],[0,1.89],[0,0]],"o":[[0,0],[-1.89,0],[0,0],[0,1.89],[1.89,0],[0,0],[0,-1.891]],"v":[[0,-14.777],[0,-14.777],[-3.437,-11.34],[-3.437,11.34],[0,14.777],[3.437,11.34],[3.437,-11.34]],"c":true},"ix":2},"nm":"Path 1","mn":"ADBE Vector Shape - Group","hd":false},{"ty":"fl","c":{"a":0,"k":[1,1,1,1],"ix":4},"o":{"a":0,"k":100,"ix":5},"r":1,"nm":"Fill 1","mn":"ADBE Vector Graphic - Fill","hd":false},{"ty":"tr","p":{"a":0,"k":[3.687,25.852],"ix":2},"a":{"a":0,"k":[0,0],"ix":1},"s":{"a":0,"k":[100,100],"ix":3},"r":{"a":0,"k":0,"ix":6},"o":{"a":0,"k":100,"ix":7},"sk":{"a":0,"k":0,"ix":4},"sa":{"a":0,"k":0,"ix":5},"nm":"Transform"}],"nm":"Group 4","np":2,"cix":2,"ix":4,"mn":"ADBE Vector Group","hd":false},{"ty":"gr","it":[{"ind":0,"ty":"sh","ix":1,"ks":{"a":0,"k":{"i":[[0,-6.548],[6.547,0],[0,6.547],[-6.548,0]],"o":[[0,6.547],[-6.548,0],[0,-6.548],[6.547,0]],"v":[[11.856,0],[0,11.855],[-11.856,0],[0,-11.855]],"c":true},"ix":2},"nm":"Path 1","mn":"ADBE Vector Shape - Group","hd":false},{"ty":"fl","c":{"a":0,"k":[1,1,1,1],"ix":4},"o":{"a":0,"k":100,"ix":5},"r":1,"nm":"Fill 1","mn":"ADBE Vector Graphic - Fill","hd":false},{"ty":"tr","p":{"a":0,"k":[226.369,12.105],"ix":2},"a":{"a":0,"k":[0,0],"ix":1},"s":{"a":0,"k":[100,100],"ix":3},"r":{"a":0,"k":0,"ix":6},"o":{"a":0,"k":100,"ix":7},"sk":{"a":0,"k":0,"ix":4},"sa":{"a":0,"k":0,"ix":5},"nm":"Transform"}],"nm":"Group 5","np":2,"cix":2,"ix":5,"mn":"ADBE Vector Group","hd":false},{"ty":"gr","it":[{"ind":0,"ty":"sh","ix":1,"ks":{"a":0,"k":{"i":[[-1.89,0],[0,0],[0,-1.891],[0,0],[1.891,0],[0,1.89],[0,0]],"o":[[0,0],[1.891,0],[0,0],[0,1.89],[-1.89,0],[0,0],[0,-1.891]],"v":[[0,-14.777],[0,-14.777],[3.437,-11.34],[3.437,11.34],[0,14.777],[-3.437,11.34],[-3.437,-11.34]],"c":true},"ix":2},"nm":"Path 1","mn":"ADBE Vector Shape - Group","hd":false},{"ty":"fl","c":{"a":0,"k":[1,1,1,1],"ix":4},"o":{"a":0,"k":100,"ix":5},"r":1,"nm":"Fill 1","mn":"ADBE Vector Graphic - Fill","hd":false},{"ty":"tr","p":{"a":0,"k":[235.389,25.852],"ix":2},"a":{"a":0,"k":[0,0],"ix":1},"s":{"a":0,"k":[100,100],"ix":3},"r":{"a":0,"k":0,"ix":6},"o":{"a":0,"k":100,"ix":7},"sk":{"a":0,"k":0,"ix":4},"sa":{"a":0,"k":0,"ix":5},"nm":"Transform"}],"nm":"Group 6","np":2,"cix":2,"ix":6,"mn":"ADBE Vector Group","hd":false}],"ip":0,"op":320,"st":0,"bm":0},{"ddd":0,"ind":2,"ty":4,"nm":"Left Ear","sr":1,"ks":{"o":{"a":0,"k":100,"ix":11},"r":{"a":0,"k":0,"ix":10},"p":{"a":0,"k":[22.943,37.833,0],"ix":2},"a":{"a":0,"k":[30.75,43.75,0],"ix":1},"s":{"a":0,"k":[100,100,100],"ix":6}},"ao":0,"shapes":[{"ty":"gr","it":[{"ind":0,"ty":"sh","ix":1,"ks":{"a":0,"k":{"i":[[21,14.5],[12.666,-14.666],[-14.667,-9.333],[-0.666,7]],"o":[[0,0],[-12.667,14.667],[14.666,9.334],[0.667,-7]],"v":[[9.5,-34.667],[-17.833,-28.834],[2.167,34.166],[29.833,34.166]],"c":true},"ix":2},"nm":"Path 1","mn":"ADBE Vector Shape - Group","hd":false},{"ty":"fl","c":{"a":0,"k":[0.878,0.733,0.604,1],"ix":4},"o":{"a":0,"k":100,"ix":5},"r":1,"nm":"Fill 1","mn":"ADBE Vector Graphic - Fill","hd":false},{"ty":"tr","p":{"a":0,"k":[30.75,43.75],"ix":2},"a":{"a":0,"k":[0,0],"ix":1},"s":{"a":0,"k":[100,100],"ix":3},"r":{"a":0,"k":0,"ix":6},"o":{"a":0,"k":100,"ix":7},"sk":{"a":0,"k":0,"ix":4},"sa":{"a":0,"k":0,"ix":5},"nm":"Transform"}],"nm":"Group 1","np":2,"cix":2,"ix":1,"mn":"ADBE Vector Group","hd":false}],"ip":0,"op":320,"st":0,"bm":0},{"ddd":0,"ind":3,"ty":4,"nm":"Right Ear","sr":1,"ks":{"o":{"a":0,"k":100,"ix":11},"r":{"a":0,"k":0,"ix":10},"p":{"a":0,"k":[258.058,37.833,0],"ix":2},"a":{"a":0,"k":[30.75,43.75,0],"ix":1},"s":{"a":0,"k":[100,100,100],"ix":6}},"ao":0,"shapes":[{"ty":"gr","it":[{"ind":0,"ty":"sh","ix":1,"ks":{"a":0,"k":{"i":[[-21,14.5],[-12.667,-14.666],[14.667,-9.333],[0.667,7]],"o":[[0,0],[12.667,14.667],[-14.667,9.334],[-0.666,-7]],"v":[[-9.5,-34.667],[17.833,-28.834],[-2.167,34.166],[-29.834,34.166]],"c":true},"ix":2},"nm":"Path 1","mn":"ADBE Vector Shape - Group","hd":false},{"ty":"fl","c":{"a":0,"k":[0.878,0.733,0.604,1],"ix":4},"o":{"a":0,"k":100,"ix":5},"r":1,"nm":"Fill 1","mn":"ADBE Vector Graphic - Fill","hd":false},{"ty":"tr","p":{"a":0,"k":[30.75,43.75],"ix":2},"a":{"a":0,"k":[0,0],"ix":1},"s":{"a":0,"k":[100,100],"ix":3},"r":{"a":0,"k":0,"ix":6},"o":{"a":0,"k":100,"ix":7},"sk":{"a":0,"k":0,"ix":4},"sa":{"a":0,"k":0,"ix":5},"nm":"Transform"}],"nm":"Group 1","np":2,"cix":2,"ix":1,"mn":"ADBE Vector Group","hd":false}],"ip":0,"op":320,"st":0,"bm":0}]},{"id":"comp_3","layers":[{"ddd":0,"ind":1,"ty":4,"nm":"Layer 19 Outlines","sr":1,"ks":{"o":{"a":0,"k":100,"ix":11},"r":{"a":0,"k":0,"ix":10},"p":{"a":0,"k":[266.333,98.881,0],"ix":2},"a":{"a":0,"k":[49.69,49.69,0],"ix":1},"s":{"a":0,"k":[100,100,100],"ix":6}},"ao":0,"shapes":[{"ty":"gr","it":[{"ind":0,"ty":"sh","ix":1,"ks":{"a":0,"k":{"i":[[0,-27.305],[27.305,0],[0,27.305],[-27.305,0]],"o":[[0,27.305],[-27.305,0],[0,-27.305],[27.305,0]],"v":[[49.441,0],[0.001,49.44],[-49.441,0],[0.001,-49.44]],"c":true},"ix":2},"nm":"Path 1","mn":"ADBE Vector Shape - Group","hd":false},{"ty":"fl","c":{"a":0,"k":[0.176000004189,0.204000001795,0.270999983245,1],"ix":4},"o":{"a":0,"k":100,"ix":5},"r":1,"nm":"Fill 1","mn":"ADBE Vector Graphic - Fill","hd":false},{"ty":"tr","p":{"a":0,"k":[49.69,49.69],"ix":2},"a":{"a":0,"k":[0,0],"ix":1},"s":{"a":0,"k":[100,100],"ix":3},"r":{"a":0,"k":0,"ix":6},"o":{"a":0,"k":100,"ix":7},"sk":{"a":0,"k":0,"ix":4},"sa":{"a":0,"k":0,"ix":5},"nm":"Transform"}],"nm":"Group 1","np":2,"cix":2,"ix":1,"mn":"ADBE Vector Group","hd":false}],"ip":0,"op":320,"st":0,"bm":0},{"ddd":0,"ind":2,"ty":4,"nm":"Layer 21 Outlines","sr":1,"ks":{"o":{"a":0,"k":100,"ix":11},"r":{"a":0,"k":0,"ix":10},"p":{"a":0,"k":[126.214,49.44,0],"ix":2},"a":{"a":0,"k":[49.69,49.69,0],"ix":1},"s":{"a":0,"k":[100,100,100],"ix":6}},"ao":0,"shapes":[{"ty":"gr","it":[{"ind":0,"ty":"sh","ix":1,"ks":{"a":0,"k":{"i":[[0,-27.305],[27.305,0],[0,27.305],[-27.306,0]],"o":[[0,27.305],[-27.306,0],[0,-27.305],[27.305,0]],"v":[[49.441,0],[0.001,49.44],[-49.441,0],[0.001,-49.44]],"c":true},"ix":2},"nm":"Path 1","mn":"ADBE Vector Shape - Group","hd":false},{"ty":"fl","c":{"a":0,"k":[0.176000004189,0.204000001795,0.270999983245,1],"ix":4},"o":{"a":0,"k":100,"ix":5},"r":1,"nm":"Fill 1","mn":"ADBE Vector Graphic - Fill","hd":false},{"ty":"tr","p":{"a":0,"k":[49.69,49.69],"ix":2},"a":{"a":0,"k":[0,0],"ix":1},"s":{"a":0,"k":[100,100],"ix":3},"r":{"a":0,"k":0,"ix":6},"o":{"a":0,"k":100,"ix":7},"sk":{"a":0,"k":0,"ix":4},"sa":{"a":0,"k":0,"ix":5},"nm":"Transform"}],"nm":"Group 1","np":2,"cix":2,"ix":1,"mn":"ADBE Vector Group","hd":false}],"ip":0,"op":320,"st":0,"bm":0},{"ddd":0,"ind":3,"ty":4,"nm":"Layer 24 Outlines","sr":1,"ks":{"o":{"a":0,"k":100,"ix":11},"r":{"a":0,"k":0,"ix":10},"p":{"a":0,"k":[56.522,90.44,0],"ix":2},"a":{"a":0,"k":[49.69,49.69,0],"ix":1},"s":{"a":0,"k":[100,100,100],"ix":6}},"ao":0,"shapes":[{"ty":"gr","it":[{"ind":0,"ty":"sh","ix":1,"ks":{"a":0,"k":{"i":[[0,-27.305],[27.305,0],[0,27.305],[-27.305,0]],"o":[[0,27.305],[-27.305,0],[0,-27.305],[27.305,0]],"v":[[49.44,0],[0,49.44],[-49.44,0],[0,-49.44]],"c":true},"ix":2},"nm":"Path 1","mn":"ADBE Vector Shape - Group","hd":false},{"ty":"fl","c":{"a":0,"k":[0.176000004189,0.204000001795,0.270999983245,1],"ix":4},"o":{"a":0,"k":100,"ix":5},"r":1,"nm":"Fill 1","mn":"ADBE Vector Graphic - Fill","hd":false},{"ty":"tr","p":{"a":0,"k":[49.69,49.69],"ix":2},"a":{"a":0,"k":[0,0],"ix":1},"s":{"a":0,"k":[100,100],"ix":3},"r":{"a":0,"k":0,"ix":6},"o":{"a":0,"k":100,"ix":7},"sk":{"a":0,"k":0,"ix":4},"sa":{"a":0,"k":0,"ix":5},"nm":"Transform"}],"nm":"Group 1","np":2,"cix":2,"ix":1,"mn":"ADBE Vector Group","hd":false}],"ip":0,"op":320,"st":0,"bm":0},{"ddd":0,"ind":4,"ty":4,"nm":"Layer 25 Outlines","sr":1,"ks":{"o":{"a":0,"k":100,"ix":11},"r":{"a":0,"k":0,"ix":10},"p":{"a":0,"k":[291.773,208.44,0],"ix":2},"a":{"a":0,"k":[49.69,49.69,0],"ix":1},"s":{"a":0,"k":[100,100,100],"ix":6}},"ao":0,"shapes":[{"ty":"gr","it":[{"ind":0,"ty":"sh","ix":1,"ks":{"a":0,"k":{"i":[[0,-27.305],[27.305,0],[0,27.305],[-27.305,0]],"o":[[0,27.305],[-27.305,0],[0,-27.305],[27.305,0]],"v":[[49.441,0],[0.001,49.44],[-49.441,0],[0.001,-49.44]],"c":true},"ix":2},"nm":"Path 1","mn":"ADBE Vector Shape - Group","hd":false},{"ty":"fl","c":{"a":0,"k":[0.176000004189,0.204000001795,0.270999983245,1],"ix":4},"o":{"a":0,"k":100,"ix":5},"r":1,"nm":"Fill 1","mn":"ADBE Vector Graphic - Fill","hd":false},{"ty":"tr","p":{"a":0,"k":[49.691,49.69],"ix":2},"a":{"a":0,"k":[0,0],"ix":1},"s":{"a":0,"k":[100,100],"ix":3},"r":{"a":0,"k":0,"ix":6},"o":{"a":0,"k":100,"ix":7},"sk":{"a":0,"k":0,"ix":4},"sa":{"a":0,"k":0,"ix":5},"nm":"Transform"}],"nm":"Group 1","np":2,"cix":2,"ix":1,"mn":"ADBE Vector Group","hd":false}],"ip":0,"op":320,"st":0,"bm":0},{"ddd":0,"ind":5,"ty":4,"nm":"Layer 26 Outlines","sr":1,"ks":{"o":{"a":0,"k":100,"ix":11},"r":{"a":0,"k":0,"ix":10},"p":{"a":0,"k":[49.774,208.44,0],"ix":2},"a":{"a":0,"k":[49.69,49.69,0],"ix":1},"s":{"a":0,"k":[100,100,100],"ix":6}},"ao":0,"shapes":[{"ty":"gr","it":[{"ind":0,"ty":"sh","ix":1,"ks":{"a":0,"k":{"i":[[0,-27.305],[27.305,0],[0,27.305],[-27.305,0]],"o":[[0,27.305],[-27.305,0],[0,-27.305],[27.305,0]],"v":[[49.44,0],[0,49.44],[-49.44,0],[0,-49.44]],"c":true},"ix":2},"nm":"Path 1","mn":"ADBE Vector Shape - Group","hd":false},{"ty":"fl","c":{"a":0,"k":[0.176000004189,0.204000001795,0.270999983245,1],"ix":4},"o":{"a":0,"k":100,"ix":5},"r":1,"nm":"Fill 1","mn":"ADBE Vector Graphic - Fill","hd":false},{"ty":"tr","p":{"a":0,"k":[49.69,49.69],"ix":2},"a":{"a":0,"k":[0,0],"ix":1},"s":{"a":0,"k":[100,100],"ix":3},"r":{"a":0,"k":0,"ix":6},"o":{"a":0,"k":100,"ix":7},"sk":{"a":0,"k":0,"ix":4},"sa":{"a":0,"k":0,"ix":5},"nm":"Transform"}],"nm":"Group 1","np":2,"cix":2,"ix":1,"mn":"ADBE Vector Group","hd":false}],"ip":0,"op":320,"st":0,"bm":0},{"ddd":0,"ind":6,"ty":4,"nm":"Layer 27 Outlines","sr":1,"ks":{"o":{"a":0,"k":100,"ix":11},"r":{"a":0,"k":0,"ix":10},"p":{"a":0,"k":[206.785,54.893,0],"ix":2},"a":{"a":0,"k":[35.798,35.797,0],"ix":1},"s":{"a":0,"k":[100,100,100],"ix":6}},"ao":0,"shapes":[{"ty":"gr","it":[{"ind":0,"ty":"sh","ix":1,"ks":{"a":0,"k":{"i":[[0,-19.632],[19.632,0],[0,19.632],[-19.633,0]],"o":[[0,19.632],[-19.633,0],[0,-19.632],[19.632,0]],"v":[[35.548,0],[0,35.547],[-35.548,0],[0,-35.547]],"c":true},"ix":2},"nm":"Path 1","mn":"ADBE Vector Shape - Group","hd":false},{"ty":"fl","c":{"a":0,"k":[0.176000004189,0.204000001795,0.270999983245,1],"ix":4},"o":{"a":0,"k":100,"ix":5},"r":1,"nm":"Fill 1","mn":"ADBE Vector Graphic - Fill","hd":false},{"ty":"tr","p":{"a":0,"k":[35.798,35.797],"ix":2},"a":{"a":0,"k":[0,0],"ix":1},"s":{"a":0,"k":[100,100],"ix":3},"r":{"a":0,"k":0,"ix":6},"o":{"a":0,"k":100,"ix":7},"sk":{"a":0,"k":0,"ix":4},"sa":{"a":0,"k":0,"ix":5},"nm":"Transform"}],"nm":"Group 1","np":2,"cix":2,"ix":1,"mn":"ADBE Vector Group","hd":false}],"ip":0,"op":320,"st":0,"bm":0},{"ddd":0,"ind":7,"ty":4,"nm":"Layer 28 Outlines","sr":1,"ks":{"o":{"a":0,"k":100,"ix":11},"r":{"a":0,"k":0,"ix":10},"p":{"a":0,"k":[200.666,67.547,0],"ix":2},"a":{"a":0,"k":[35.798,35.797,0],"ix":1},"s":{"a":0,"k":[100,100,100],"ix":6}},"ao":0,"shapes":[{"ty":"gr","it":[{"ind":0,"ty":"sh","ix":1,"ks":{"a":0,"k":{"i":[[0,-19.632],[19.632,0],[0,19.632],[-19.633,0]],"o":[[0,19.632],[-19.633,0],[0,-19.632],[19.632,0]],"v":[[35.548,0],[0,35.547],[-35.548,0],[0,-35.547]],"c":true},"ix":2},"nm":"Path 1","mn":"ADBE Vector Shape - Group","hd":false},{"ty":"fl","c":{"a":0,"k":[0.176000004189,0.204000001795,0.270999983245,1],"ix":4},"o":{"a":0,"k":100,"ix":5},"r":1,"nm":"Fill 1","mn":"ADBE Vector Graphic - Fill","hd":false},{"ty":"tr","p":{"a":0,"k":[35.798,35.797],"ix":2},"a":{"a":0,"k":[0,0],"ix":1},"s":{"a":0,"k":[100,100],"ix":3},"r":{"a":0,"k":0,"ix":6},"o":{"a":0,"k":100,"ix":7},"sk":{"a":0,"k":0,"ix":4},"sa":{"a":0,"k":0,"ix":5},"nm":"Transform"}],"nm":"Group 1","np":2,"cix":2,"ix":1,"mn":"ADBE Vector Group","hd":false}],"ip":0,"op":320,"st":0,"bm":0},{"ddd":0,"ind":8,"ty":4,"nm":"Layer 29 Outlines","sr":1,"ks":{"o":{"a":0,"k":100,"ix":11},"r":{"a":0,"k":0,"ix":10},"p":{"a":0,"k":[266.333,280.547,0],"ix":2},"a":{"a":0,"k":[35.798,35.798,0],"ix":1},"s":{"a":0,"k":[100,100,100],"ix":6}},"ao":0,"shapes":[{"ty":"gr","it":[{"ind":0,"ty":"sh","ix":1,"ks":{"a":0,"k":{"i":[[0,-19.632],[19.633,0],[0,19.633],[-19.632,0]],"o":[[0,19.633],[-19.632,0],[0,-19.632],[19.633,0]],"v":[[35.548,-0.001],[-0.001,35.548],[-35.548,-0.001],[-0.001,-35.548]],"c":true},"ix":2},"nm":"Path 1","mn":"ADBE Vector Shape - Group","hd":false},{"ty":"fl","c":{"a":0,"k":[0.176000004189,0.204000001795,0.270999983245,1],"ix":4},"o":{"a":0,"k":100,"ix":5},"r":1,"nm":"Fill 1","mn":"ADBE Vector Graphic - Fill","hd":false},{"ty":"tr","p":{"a":0,"k":[35.798,35.798],"ix":2},"a":{"a":0,"k":[0,0],"ix":1},"s":{"a":0,"k":[100,100],"ix":3},"r":{"a":0,"k":0,"ix":6},"o":{"a":0,"k":100,"ix":7},"sk":{"a":0,"k":0,"ix":4},"sa":{"a":0,"k":0,"ix":5},"nm":"Transform"}],"nm":"Group 1","np":2,"cix":2,"ix":1,"mn":"ADBE Vector Group","hd":false}],"ip":0,"op":320,"st":0,"bm":0},{"ddd":0,"ind":9,"ty":4,"nm":"Layer 30 Outlines","sr":1,"ks":{"o":{"a":0,"k":100,"ix":11},"r":{"a":0,"k":0,"ix":10},"p":{"a":0,"k":[52.891,276.547,0],"ix":2},"a":{"a":0,"k":[35.798,35.798,0],"ix":1},"s":{"a":0,"k":[100,100,100],"ix":6}},"ao":0,"shapes":[{"ty":"gr","it":[{"ind":0,"ty":"sh","ix":1,"ks":{"a":0,"k":{"i":[[0,-19.632],[19.632,0],[0,19.633],[-19.633,0]],"o":[[0,19.633],[-19.633,0],[0,-19.632],[19.632,0]],"v":[[35.548,-0.001],[0,35.548],[-35.548,-0.001],[0,-35.548]],"c":true},"ix":2},"nm":"Path 1","mn":"ADBE Vector Shape - Group","hd":false},{"ty":"fl","c":{"a":0,"k":[0.176000004189,0.204000001795,0.270999983245,1],"ix":4},"o":{"a":0,"k":100,"ix":5},"r":1,"nm":"Fill 1","mn":"ADBE Vector Graphic - Fill","hd":false},{"ty":"tr","p":{"a":0,"k":[35.797,35.798],"ix":2},"a":{"a":0,"k":[0,0],"ix":1},"s":{"a":0,"k":[100,100],"ix":3},"r":{"a":0,"k":0,"ix":6},"o":{"a":0,"k":100,"ix":7},"sk":{"a":0,"k":0,"ix":4},"sa":{"a":0,"k":0,"ix":5},"nm":"Transform"}],"nm":"Group 1","np":2,"cix":2,"ix":1,"mn":"ADBE Vector Group","hd":false}],"ip":0,"op":320,"st":0,"bm":0},{"ddd":0,"ind":10,"ty":4,"nm":"Layer 31 Outlines","sr":1,"ks":{"o":{"a":0,"k":100,"ix":11},"r":{"a":0,"k":0,"ix":10},"p":{"a":0,"k":[72.214,49.44,0],"ix":2},"a":{"a":0,"k":[27.25,27.25,0],"ix":1},"s":{"a":0,"k":[100,100,100],"ix":6}},"ao":0,"shapes":[{"ty":"gr","it":[{"ind":0,"ty":"sh","ix":1,"ks":{"a":0,"k":{"i":[[0,-14.912],[14.912,0],[0,14.912],[-14.912,0]],"o":[[0,14.912],[-14.912,0],[0,-14.912],[14.912,0]],"v":[[27,0],[0,27],[-27,0],[0,-27]],"c":true},"ix":2},"nm":"Path 1","mn":"ADBE Vector Shape - Group","hd":false},{"ty":"fl","c":{"a":0,"k":[0.176000004189,0.204000001795,0.270999983245,1],"ix":4},"o":{"a":0,"k":100,"ix":5},"r":1,"nm":"Fill 1","mn":"ADBE Vector Graphic - Fill","hd":false},{"ty":"tr","p":{"a":0,"k":[27.25,27.25],"ix":2},"a":{"a":0,"k":[0,0],"ix":1},"s":{"a":0,"k":[100,100],"ix":3},"r":{"a":0,"k":0,"ix":6},"o":{"a":0,"k":100,"ix":7},"sk":{"a":0,"k":0,"ix":4},"sa":{"a":0,"k":0,"ix":5},"nm":"Transform"}],"nm":"Group 1","np":2,"cix":2,"ix":1,"mn":"ADBE Vector Group","hd":false}],"ip":0,"op":320,"st":0,"bm":0},{"ddd":0,"ind":11,"ty":4,"nm":"Layer 32 Outlines","sr":1,"ks":{"o":{"a":0,"k":100,"ix":11},"r":{"a":0,"k":0,"ix":10},"p":{"a":0,"k":[289.518,155.529,0],"ix":2},"a":{"a":0,"k":[35.731,35.731,0],"ix":1},"s":{"a":0,"k":[100,100,100],"ix":6}},"ao":0,"shapes":[{"ty":"gr","it":[{"ind":0,"ty":"sh","ix":1,"ks":{"a":0,"k":{"i":[[0,-19.596],[19.595,0],[0,19.596],[-19.596,0]],"o":[[0,19.596],[-19.596,0],[0,-19.596],[19.595,0]],"v":[[35.482,0],[0,35.481],[-35.482,0],[0,-35.481]],"c":true},"ix":2},"nm":"Path 1","mn":"ADBE Vector Shape - Group","hd":false},{"ty":"fl","c":{"a":0,"k":[0.176000004189,0.204000001795,0.270999983245,1],"ix":4},"o":{"a":0,"k":100,"ix":5},"r":1,"nm":"Fill 1","mn":"ADBE Vector Graphic - Fill","hd":false},{"ty":"tr","p":{"a":0,"k":[35.731,35.731],"ix":2},"a":{"a":0,"k":[0,0],"ix":1},"s":{"a":0,"k":[100,100],"ix":3},"r":{"a":0,"k":0,"ix":6},"o":{"a":0,"k":100,"ix":7},"sk":{"a":0,"k":0,"ix":4},"sa":{"a":0,"k":0,"ix":5},"nm":"Transform"}],"nm":"Group 1","np":2,"cix":2,"ix":1,"mn":"ADBE Vector Group","hd":false}],"ip":0,"op":320,"st":0,"bm":0},{"ddd":0,"ind":12,"ty":4,"nm":"Layer 33 Outlines","sr":1,"ks":{"o":{"a":0,"k":100,"ix":11},"r":{"a":0,"k":0,"ix":10},"p":{"a":0,"k":[41.928,155.529,0],"ix":2},"a":{"a":0,"k":[35.096,35.096,0],"ix":1},"s":{"a":0,"k":[100,100,100],"ix":6}},"ao":0,"shapes":[{"ty":"gr","it":[{"ind":0,"ty":"sh","ix":1,"ks":{"a":0,"k":{"i":[[0,-19.245],[19.245,0],[0,19.245],[-19.244,0]],"o":[[0,19.245],[-19.244,0],[0,-19.245],[19.245,0]],"v":[[34.846,0],[-0.001,34.846],[-34.846,0],[-0.001,-34.846]],"c":true},"ix":2},"nm":"Path 1","mn":"ADBE Vector Shape - Group","hd":false},{"ty":"fl","c":{"a":0,"k":[0.176000004189,0.204000001795,0.270999983245,1],"ix":4},"o":{"a":0,"k":100,"ix":5},"r":1,"nm":"Fill 1","mn":"ADBE Vector Graphic - Fill","hd":false},{"ty":"tr","p":{"a":0,"k":[35.096,35.096],"ix":2},"a":{"a":0,"k":[0,0],"ix":1},"s":{"a":0,"k":[100,100],"ix":3},"r":{"a":0,"k":0,"ix":6},"o":{"a":0,"k":100,"ix":7},"sk":{"a":0,"k":0,"ix":4},"sa":{"a":0,"k":0,"ix":5},"nm":"Transform"}],"nm":"Group 1","np":2,"cix":2,"ix":1,"mn":"ADBE Vector Group","hd":false}],"ip":0,"op":320,"st":0,"bm":0},{"ddd":0,"ind":13,"ty":4,"nm":"Layer 34 Outlines","sr":1,"ks":{"o":{"a":0,"k":100,"ix":11},"r":{"a":0,"k":0,"ix":10},"p":{"a":0,"k":[175.654,32,0],"ix":2},"a":{"a":0,"k":[27.25,27.25,0],"ix":1},"s":{"a":0,"k":[100,100,100],"ix":6}},"ao":0,"shapes":[{"ty":"gr","it":[{"ind":0,"ty":"sh","ix":1,"ks":{"a":0,"k":{"i":[[0,-14.912],[14.912,0],[0,14.912],[-14.912,0]],"o":[[0,14.912],[-14.912,0],[0,-14.912],[14.912,0]],"v":[[27,0],[0,27],[-27,0],[0,-27]],"c":true},"ix":2},"nm":"Path 1","mn":"ADBE Vector Shape - Group","hd":false},{"ty":"fl","c":{"a":0,"k":[0.176000004189,0.204000001795,0.270999983245,1],"ix":4},"o":{"a":0,"k":100,"ix":5},"r":1,"nm":"Fill 1","mn":"ADBE Vector Graphic - Fill","hd":false},{"ty":"tr","p":{"a":0,"k":[27.25,27.25],"ix":2},"a":{"a":0,"k":[0,0],"ix":1},"s":{"a":0,"k":[100,100],"ix":3},"r":{"a":0,"k":0,"ix":6},"o":{"a":0,"k":100,"ix":7},"sk":{"a":0,"k":0,"ix":4},"sa":{"a":0,"k":0,"ix":5},"nm":"Transform"}],"nm":"Group 1","np":2,"cix":2,"ix":1,"mn":"ADBE Vector Group","hd":false}],"ip":0,"op":320,"st":0,"bm":0},{"ddd":0,"ind":14,"ty":4,"nm":"Layer 36 Outlines","sr":1,"ks":{"o":{"a":0,"k":100,"ix":11},"r":{"a":0,"k":0,"ix":10},"p":{"a":0,"k":[249.576,53.315,0],"ix":2},"a":{"a":0,"k":[37.376,37.376,0],"ix":1},"s":{"a":0,"k":[100,100,100],"ix":6}},"ao":0,"shapes":[{"ty":"gr","it":[{"ind":0,"ty":"sh","ix":1,"ks":{"a":0,"k":{"i":[[0,-20.504],[20.504,0],[0,20.504],[-20.504,0]],"o":[[0,20.504],[-20.504,0],[0,-20.504],[20.504,0]],"v":[[37.126,-0.001],[0.001,37.126],[-37.126,-0.001],[0.001,-37.126]],"c":true},"ix":2},"nm":"Path 1","mn":"ADBE Vector Shape - Group","hd":false},{"ty":"fl","c":{"a":0,"k":[0.176000004189,0.204000001795,0.270999983245,1],"ix":4},"o":{"a":0,"k":100,"ix":5},"r":1,"nm":"Fill 1","mn":"ADBE Vector Graphic - Fill","hd":false},{"ty":"tr","p":{"a":0,"k":[37.375,37.376],"ix":2},"a":{"a":0,"k":[0,0],"ix":1},"s":{"a":0,"k":[100,100],"ix":3},"r":{"a":0,"k":0,"ix":6},"o":{"a":0,"k":100,"ix":7},"sk":{"a":0,"k":0,"ix":4},"sa":{"a":0,"k":0,"ix":5},"nm":"Transform"}],"nm":"Group 1","np":2,"cix":2,"ix":1,"mn":"ADBE Vector Group","hd":false}],"ip":0,"op":320,"st":0,"bm":0},{"ddd":0,"ind":15,"ty":4,"nm":"Layer 42 Outlines","sr":1,"ks":{"o":{"a":0,"k":100,"ix":11},"r":{"a":0,"k":0,"ix":10},"p":{"a":0,"k":[78.962,320.095,0],"ix":2},"a":{"a":0,"k":[27.25,27.25,0],"ix":1},"s":{"a":0,"k":[100,100,100],"ix":6}},"ao":0,"shapes":[{"ty":"gr","it":[{"ind":0,"ty":"sh","ix":1,"ks":{"a":0,"k":{"i":[[0,-14.912],[14.912,0],[0,14.911],[-14.912,0]],"o":[[0,14.911],[-14.912,0],[0,-14.912],[14.912,0]],"v":[[27,0],[0,27],[-27,0],[0,-27]],"c":true},"ix":2},"nm":"Path 1","mn":"ADBE Vector Shape - Group","hd":false},{"ty":"fl","c":{"a":0,"k":[0.176,0.204,0.271,1],"ix":4},"o":{"a":0,"k":100,"ix":5},"r":1,"nm":"Fill 1","mn":"ADBE Vector Graphic - Fill","hd":false},{"ty":"tr","p":{"a":0,"k":[27.25,27.25],"ix":2},"a":{"a":0,"k":[0,0],"ix":1},"s":{"a":0,"k":[100,100],"ix":3},"r":{"a":0,"k":0,"ix":6},"o":{"a":0,"k":100,"ix":7},"sk":{"a":0,"k":0,"ix":4},"sa":{"a":0,"k":0,"ix":5},"nm":"Transform"}],"nm":"Group 1","np":2,"cix":2,"ix":1,"mn":"ADBE Vector Group","hd":false}],"ip":0,"op":320,"st":0,"bm":0},{"ddd":0,"ind":16,"ty":4,"nm":"Layer 43 Outlines","sr":1,"ks":{"o":{"a":0,"k":100,"ix":11},"r":{"a":0,"k":0,"ix":10},"p":{"a":0,"k":[242.333,321.364,0],"ix":2},"a":{"a":0,"k":[27.25,27.25,0],"ix":1},"s":{"a":0,"k":[100,100,100],"ix":6}},"ao":0,"shapes":[{"ty":"gr","it":[{"ind":0,"ty":"sh","ix":1,"ks":{"a":0,"k":{"i":[[0,-14.911],[14.912,0],[0,14.912],[-14.911,0]],"o":[[0,14.912],[-14.911,0],[0,-14.911],[14.912,0]],"v":[[27,0],[0,27],[-27,0],[0,-27]],"c":true},"ix":2},"nm":"Path 1","mn":"ADBE Vector Shape - Group","hd":false},{"ty":"fl","c":{"a":0,"k":[0.176,0.204,0.271,1],"ix":4},"o":{"a":0,"k":100,"ix":5},"r":1,"nm":"Fill 1","mn":"ADBE Vector Graphic - Fill","hd":false},{"ty":"tr","p":{"a":0,"k":[27.25,27.25],"ix":2},"a":{"a":0,"k":[0,0],"ix":1},"s":{"a":0,"k":[100,100],"ix":3},"r":{"a":0,"k":0,"ix":6},"o":{"a":0,"k":100,"ix":7},"sk":{"a":0,"k":0,"ix":4},"sa":{"a":0,"k":0,"ix":5},"nm":"Transform"}],"nm":"Group 1","np":2,"cix":2,"ix":1,"mn":"ADBE Vector Group","hd":false}],"ip":0,"op":320,"st":0,"bm":0}]}],"layers":[{"ddd":0,"ind":1,"ty":4,"nm":"Shape Layer 1","td":1,"sr":1,"ks":{"o":{"a":0,"k":100,"ix":11},"r":{"a":0,"k":0,"ix":10},"p":{"a":0,"k":[450,450,0],"ix":2},"a":{"a":0,"k":[0,0,0],"ix":1},"s":{"a":0,"k":[100,100,100],"ix":6}},"ao":0,"shapes":[{"ty":"gr","it":[{"d":1,"ty":"el","s":{"a":0,"k":[900,900],"ix":2},"p":{"a":0,"k":[0,0],"ix":3},"nm":"Ellipse Path 1","mn":"ADBE Vector Shape - Ellipse","hd":false},{"ty":"fl","c":{"a":0,"k":[0.686274509804,0.585274849686,0.495194169587,1],"ix":4},"o":{"a":0,"k":100,"ix":5},"r":1,"nm":"Fill 1","mn":"ADBE Vector Graphic - Fill","hd":false},{"ty":"tr","p":{"a":0,"k":[0,0],"ix":2},"a":{"a":0,"k":[0,0],"ix":1},"s":{"a":0,"k":[100,100],"ix":3},"r":{"a":0,"k":0,"ix":6},"o":{"a":0,"k":100,"ix":7},"sk":{"a":0,"k":0,"ix":4},"sa":{"a":0,"k":0,"ix":5},"nm":"Transform"}],"nm":"Ellipse 1","np":3,"cix":2,"ix":1,"mn":"ADBE Vector Group","hd":false}],"ip":0,"op":162,"st":0,"bm":0},{"ddd":0,"ind":2,"ty":0,"nm":"ME","tt":1,"refId":"comp_0","sr":1,"ks":{"o":{"a":0,"k":100,"ix":11},"r":{"a":0,"k":0,"ix":10},"p":{"a":0,"k":[450,450,0],"ix":2},"a":{"a":0,"k":[450,450,0],"ix":1},"s":{"a":0,"k":[123.111,123.111,100],"ix":6}},"ao":0,"w":900,"h":900,"ip":0,"op":162,"st":0,"bm":0},{"ddd":0,"ind":3,"ty":4,"nm":"Shape Layer 2","sr":1,"ks":{"o":{"a":0,"k":100,"ix":11},"r":{"a":0,"k":0,"ix":10},"p":{"a":0,"k":[450,450,0],"ix":2},"a":{"a":0,"k":[0,0,0],"ix":1},"s":{"a":0,"k":[100,100,100],"ix":6}},"ao":0,"shapes":[{"ty":"gr","it":[{"d":1,"ty":"el","s":{"a":0,"k":[900,900],"ix":2},"p":{"a":0,"k":[0,0],"ix":3},"nm":"Ellipse Path 1","mn":"ADBE Vector Shape - Ellipse","hd":false},{"ty":"fl","c":{"a":0,"k":[1,1,1,1],"ix":4},"o":{"a":0,"k":100,"ix":5},"r":1,"nm":"Fill 1","mn":"ADBE Vector Graphic - Fill","hd":false},{"ty":"tr","p":{"a":0,"k":[0,0],"ix":2},"a":{"a":0,"k":[0,0],"ix":1},"s":{"a":0,"k":[100,100],"ix":3},"r":{"a":0,"k":0,"ix":6},"o":{"a":0,"k":100,"ix":7},"sk":{"a":0,"k":0,"ix":4},"sa":{"a":0,"k":0,"ix":5},"nm":"Transform"}],"nm":"Ellipse 1","np":3,"cix":2,"ix":1,"mn":"ADBE Vector Group","hd":false}],"ip":0,"op":162,"st":0,"bm":0}],"markers":[]}